model,dataset,ablation,seed,missing_rate,params,train_time_s,infer_time_s,best_val,epochs_run,seq_len,pred_len,d_model,n_layers,lr,lambda_ent,MAE,RMSE,MSE,SMAPE,R2,MAE_T,RMSE_T,MAE_RH,RMSE_RH,MAPE_RH,MAE_P,RMSE_P,MAPE_P,MAE_WS,RMSE_WS,MAE_h1,RMSE_h1,MAE_h6,RMSE_h6,MAE_h12,RMSE_h12,MAE_h24,RMSE_h24,CLS_ACC,CLS_P,CLS_R,CLS_F1,CLS_AUC,CLS_AP,CLS_POSRATE
XAI-MeteoFormer,beijing_aotizhongxin,full,0,0.0,1892255.0,361.4,3.31,0.1702344414404369,24.0,96,24,256,2,0.0005,0.01,4.233922004699707,8.36015510559082,69.8921890258789,27.11214637756348,0.6346084475517273,1.9664772748947144,2.5415213108062744,11.949578285217283,16.161399841308594,26.548704147338867,2.310746669769287,3.3075315952301025,0.2275752425193786,0.7088889479637146,0.9893510937690736,1.8449501991271973,3.615478277206421,3.4563405513763428,6.8996758460998535,4.51899003982544,8.842947006225586,5.274002552032471,9.809614181518556,0.8811578438481992,0.6137627084689738,0.8524624373956594,0.7136825553970242,0.9484866896952586,0.758534935599356,0.1737490935460478
XAI-MeteoFormer,beijing_aotizhongxin,full,1,0.0,1892255.0,329.4,3.3,0.1696099687377576,22.0,96,24,256,2,0.0005,0.01,4.221112251281738,8.297155380249023,68.84278869628906,26.98105812072754,0.639452338218689,1.931767821311951,2.543262243270874,11.927726745605469,16.036035537719727,26.79862403869629,2.318208694458008,3.2836318016052246,0.2283537089824676,0.7067456245422363,0.9830656051635742,1.9794461727142327,3.8127496242523193,3.5514137744903564,7.057391166687012,4.478645324707031,8.72995662689209,5.216378688812256,9.735641479492188,0.8766316171138506,0.5981308411214953,0.8836950473010573,0.7133972568123429,0.9482512644596128,0.7551914387932368,0.1737490935460478
XAI-MeteoFormer,beijing_aotizhongxin,full,2,0.0,1892255.0,314.2,3.33,0.1706163669128772,21.0,96,24,256,2,0.0005,0.01,4.128878116607666,8.072880744934082,65.1714096069336,26.80909919738769,0.6459881663322449,1.9666625261306765,2.605483293533325,11.577489852905272,15.567123413085938,27.08258628845215,2.282720804214477,3.255138397216797,0.2248058021068573,0.6886328458786011,0.9828010201454164,1.9995121955871584,3.851297378540039,3.5190694332122803,6.908323764801025,4.365245342254639,8.48987102508545,5.150089740753174,9.56404972076416,0.869809040367416,0.5850561691683187,0.8622008903728436,0.6970924020021371,0.9423337845427452,0.7350364756691882,0.1737490935460478
XAI-MeteoFormer,beijing_aotizhongxin,full,3,0.0,1892255.0,358.9,3.3,0.1753347350462087,24.0,96,24,256,2,0.0005,0.01,4.334496021270752,8.56698226928711,73.3931884765625,27.54737091064453,0.6295945644378662,1.9429192543029783,2.559722900390625,12.43769359588623,16.598949432373047,27.654680252075195,2.2595086097717285,3.243349552154541,0.2226020842790603,0.6978626847267151,0.9880025386810304,2.031411409378052,4.032095432281494,3.72316312789917,7.467593669891357,4.667302131652832,9.255950927734377,5.191483974456787,9.645456314086914,0.8763475948755136,0.6107814838571735,0.7948316638842515,0.6907568613226938,0.9352354243809456,0.7060384387440622,0.1737490935460478
XAI-MeteoFormer,beijing_aotizhongxin,full,4,0.0,1892255.0,314.7,3.34,0.1714581067068653,21.0,96,24,256,2,0.0005,0.01,4.217447757720947,8.229209899902344,67.71990203857422,26.908823013305664,0.6426210403442383,2.0009562969207764,2.623728036880493,11.808167457580566,15.861970901489258,26.573034286499023,2.374264001846313,3.3822731971740723,0.2337952107191085,0.6864014267921448,0.9765985608100892,2.0961227416992188,4.034398078918457,3.542133092880249,7.047692775726318,4.477078437805176,8.655932426452637,5.181057929992676,9.590086936950684,0.870896785109983,0.5867624953025179,0.8688786867000556,0.7004822790489008,0.9449040587890652,0.7521125333115999,0.1737490935460478
DLinear,beijing_aotizhongxin,full,0,0.0,4656.0,35.7,1.61,0.1813958281871665,17.0,96,24,256,2,0.0005,0.0,4.370866298675537,8.364294052124023,69.96141052246094,28.02305603027344,0.6226584911346436,2.067016363143921,2.6682190895080566,11.888334274291992,16.02195930480957,29.697751998901367,2.808370590209961,3.8762552738189697,0.276648610830307,0.7197418808937073,0.9988617300987244,1.513930320739746,3.04453444480896,3.851871252059937,7.268893718719482,4.747697830200195,8.918024063110352,5.315508365631104,9.675407409667969,0.7000120860526952,0.3667627624563104,1.0,0.5366882571444571,0.9724340984350214,0.8680857058348331,0.1737490935460478
DLinear,beijing_aotizhongxin,full,1,0.0,4656.0,35.4,1.51,0.1818469122056592,17.0,96,24,256,2,0.0005,0.0,4.370772361755371,8.37456226348877,70.13328552246094,27.86449432373047,0.62184739112854,2.059227228164673,2.6766250133514404,11.883844375610352,16.039602279663086,29.582469940185547,2.819514513015747,3.8859710693359375,0.2777368724346161,0.7205022573471069,0.9996055960655212,1.5589107275009155,3.077298641204834,3.80903959274292,7.296165466308594,4.75139856338501,8.933231353759766,5.31899881362915,9.67710018157959,0.7001389896059946,0.3668610363262858,1.0,0.5367934655775962,0.9711123664111878,0.8635894990457496,0.1737490935460478
DLinear,beijing_aotizhongxin,full,2,0.0,4656.0,44.1,1.77,0.1824723739943604,21.0,96,24,256,2,0.0005,0.0,4.355257034301758,8.39818000793457,70.52942657470703,27.51024627685547,0.6195576786994934,1.9893732070922847,2.605621576309204,11.88413143157959,16.09955596923828,29.41621208190918,2.8235793113708496,3.889007806777954,0.2781425714492798,0.7239437699317932,1.0041449069976809,1.6104798316955566,3.0927510261535645,3.804576396942138,7.27655029296875,4.738935947418213,8.949922561645508,5.288064479827881,9.726322174072266,0.7002054628958182,0.3669125341364437,1.0,0.5368485912205687,0.9722543822214224,0.8680094617772994,0.1737490935460478
DLinear,beijing_aotizhongxin,full,3,0.0,4656.0,51.8,1.53,0.1820527339249119,24.0,96,24,256,2,0.0005,0.0,4.358431816101074,8.379085540771484,70.20906829833984,27.702299118041992,0.6211843490600586,2.016381025314331,2.6341569423675537,11.881067276000977,16.05677032470703,29.56013298034668,2.814025402069092,3.882594108581543,0.2772126197814941,0.7222535014152527,1.0015240907669067,1.511401653289795,3.012202739715576,3.818050146102905,7.29876184463501,4.7509942054748535,8.960500717163086,5.322100639343262,9.67750072479248,0.7006043026347595,0.3672218248697251,1.0,0.5371795829908078,0.9719452929021845,0.867003413503739,0.1737490935460478
DLinear,beijing_aotizhongxin,full,4,0.0,4656.0,43.4,1.56,0.1820063218232414,20.0,96,24,256,2,0.0005,0.0,4.35593843460083,8.386488914489746,70.33319854736328,27.59768295288086,0.6209675669670105,2.000499963760376,2.61744236946106,11.881394386291504,16.0742244720459,29.44474220275879,2.819976091384888,3.885575771331787,0.277786910533905,0.7218798398971558,1.0016707181930542,1.5325957536697388,3.0367953777313232,3.815707683563232,7.286460876464844,4.742567539215088,8.946066856384277,5.327303886413574,9.672287940979004,0.6998247522359198,0.3666177876952502,1.0,0.5365330248094274,0.9722233066229784,0.867045783347469,0.1737490935460478
PatchTST,beijing_aotizhongxin,full,0,0.0,1657880.0,334.5,4.59,0.1797696303302361,13.0,96,24,256,2,0.0005,0.0,4.343411922454834,8.32275676727295,69.26828002929688,27.4775505065918,0.6245524883270264,2.117337226867676,2.780898094177246,11.980268478393556,15.985722541809082,28.67871284484864,2.572183132171631,3.576022386550904,0.253315269947052,0.7038589119911194,1.0042083263397217,1.899553894996643,3.533867120742798,3.8132307529449454,7.217921733856201,4.701274871826172,8.82358455657959,5.280282020568848,9.629237174987791,0.7036620739666425,0.3696104897801774,1.0,0.539730810384637,0.9717345903757773,0.8630622149222378,0.1737490935460478
PatchTST,beijing_aotizhongxin,full,1,0.0,1657880.0,308.3,4.5,0.1795761105116398,12.0,96,24,256,2,0.0005,0.0,4.346999168395996,8.314706802368164,69.13434600830078,27.467514038085938,0.630010724067688,2.0712060928344727,2.7193832397460938,12.010565757751465,15.974641799926758,29.03495216369629,2.603802442550659,3.601101875305176,0.2564676105976105,0.7024227976799011,0.9925566911697388,1.8498156070709229,3.452537775039673,3.793122291564941,7.1981282234191895,4.710824012756348,8.849154472351074,5.252719402313232,9.630701065063477,0.702356780275562,0.3685870317667871,1.0,0.5386387905356039,0.9715028937693324,0.8611876463717374,0.1737490935460478
PatchTST,beijing_aotizhongxin,full,2,0.0,1657880.0,410.6,4.51,0.1799358173408514,16.0,96,24,256,2,0.0005,0.0,4.425920486450195,8.397188186645508,70.51277160644531,27.66053009033203,0.6279088258743286,2.259127140045166,2.9426348209381104,12.243829727172852,16.127872467041016,29.817045211791992,2.5042219161987305,3.5074031352996826,0.246680662035942,0.6965023875236511,0.9908732771873474,1.9628502130508425,3.607893466949463,3.822408199310303,7.26513147354126,4.754697799682617,8.915902137756348,5.356767654418945,9.700713157653809,0.703758762388204,0.3696865276313421,1.0,0.5398118769126786,0.9691550809167788,0.8451081746224317,0.1737490935460478
PatchTST,beijing_aotizhongxin,full,3,0.0,1657880.0,436.1,4.54,0.1808684104693333,17.0,96,24,256,2,0.0005,0.0,4.413276672363281,8.37486457824707,70.13835906982422,27.80501937866211,0.626232385635376,2.3711533546447754,3.0589492321014404,12.098743438720703,16.071908950805664,29.819435119628903,2.482954263687134,3.4493870735168457,0.2446377873420715,0.7002530694007874,0.9958422780036926,2.2870118618011475,4.0206708908081055,3.887413501739502,7.344806671142578,4.691445827484131,8.81151008605957,5.268847942352295,9.698870658874512,0.7085387962291516,0.3734850551420443,1.0,0.5438501915165271,0.9692937314613512,0.8460871621732603,0.1737490935460478
PatchTST,beijing_aotizhongxin,full,4,0.0,1657880.0,308.0,4.57,0.1793405444556223,12.0,96,24,256,2,0.0005,0.0,4.322015285491943,8.272103309631348,68.42768859863281,27.38549995422364,0.6305261254310608,2.090248346328736,2.7468292713165283,11.932170867919922,15.88192367553711,28.540267944335938,2.5644497871398926,3.5975420475006104,0.2525603175163269,0.7011936902999878,0.993930160999298,1.67805814743042,3.2795259952545166,3.728752613067627,7.157673358917236,4.666783809661865,8.736006736755371,5.292102336883545,9.711010932922363,0.7026589315929418,0.3688234388629483,1.0,0.5388911796678787,0.9706934640271134,0.8600767082412317,0.1737490935460478
iTransformer,beijing_aotizhongxin,full,0,0.0,1611032.0,41.8,1.41,0.1798283918385383,11.0,96,24,256,2,0.0005,0.0,4.256398677825928,8.244465827941895,67.97122192382812,27.29543685913086,0.6253935694694519,2.0440518856048584,2.6914098262786865,11.528790473937988,15.785073280334473,27.916860580444336,2.7379274368286133,3.803648710250856,0.2696739435195923,0.7148271203041077,1.0024374723434448,1.8243623971939087,3.4799437522888184,3.675037860870361,7.058068752288818,4.568284511566162,8.640817642211914,5.245924472808838,9.78207015991211,0.704520183708001,0.3702864207706573,1.0,0.5404511278195488,0.9733126491227831,0.8708466026101445,0.1737490935460478
iTransformer,beijing_aotizhongxin,full,1,0.0,1611032.0,41.2,1.43,0.1816727172617437,11.0,96,24,256,2,0.0005,0.0,4.236266613006592,8.220161437988281,67.57105255126953,27.19239616394043,0.6246684789657593,2.03568172454834,2.684121608734131,11.468731880187988,15.72864818572998,27.18941307067871,2.729434967041016,3.8313703536987305,0.2687453031539917,0.7112192511558533,1.004982590675354,1.7585347890853882,3.40456223487854,3.621522665023804,7.001980781555176,4.530357360839844,8.647478103637695,5.227404594421387,9.704702377319336,0.7033961808073483,0.3694015468818254,1.0,0.5395080029272137,0.9729759122902032,0.8679663671404734,0.1737490935460478
iTransformer,beijing_aotizhongxin,full,2,0.0,1611032.0,41.9,1.41,0.180839857270769,11.0,96,24,256,2,0.0005,0.0,4.2470293045043945,8.293310165405273,68.77899169921875,27.3886947631836,0.6235692501068115,2.043849229812622,2.679892063140869,11.579991340637209,15.904072761535645,27.57161331176757,2.649906873703003,3.7395107746124254,0.2609455585479736,0.7143657803535461,1.005345106124878,1.9205138683319087,3.7226693630218506,3.6439244747161865,7.124430179595947,4.521370887756348,8.656519889831543,5.223789215087891,9.803693771362305,0.7037104181774233,0.3696485047954539,1.0,0.5397713406048773,0.9730803258634498,0.8694206059618268,0.1737490935460478
iTransformer,beijing_aotizhongxin,full,3,0.0,1611032.0,38.8,1.38,0.1793040709885165,10.0,96,24,256,2,0.0005,0.0,4.237198829650879,8.276616096496582,68.50238037109375,27.325782775878903,0.6232699155807495,1.97872793674469,2.603370189666748,11.53712272644043,15.870319366455078,27.38076400756836,2.71623158454895,3.788298606872559,0.2674317955970764,0.7167156338691711,1.006826400756836,1.8258681297302248,3.5633304119110107,3.637060642242432,7.083293914794922,4.545149326324463,8.667510986328125,5.219322681427002,9.733813285827637,0.7017222625090646,0.3680915620079118,1.0,0.538109542124028,0.9734890056781637,0.8718954128134391,0.1737490935460478
iTransformer,beijing_aotizhongxin,full,4,0.0,1611032.0,41.5,1.4,0.1804747780340063,11.0,96,24,256,2,0.0005,0.0,4.27822208404541,8.294769287109375,68.80319213867188,27.363359451293945,0.6222226619720459,2.075082778930664,2.727849006652832,11.608427047729492,15.88893699645996,28.35092544555664,2.708350658416748,3.781595706939697,0.2667409479618072,0.7210243344306946,1.0063774585723877,1.8374879360198968,3.567323684692383,3.7149581909179688,7.263036727905273,4.552108287811279,8.661637306213379,5.267521858215332,9.765951156616213,0.7058315204254291,0.3713241466596066,1.0,0.5415556162474219,0.9733273626833115,0.870957651124179,0.1737490935460478
LSTM,beijing_aotizhongxin,full,0,0.0,833668.0,39.8,1.59,0.1817695901946117,11.0,96,24,256,2,0.0005,0.0,4.32642126083374,8.150224685668945,66.42616271972656,27.40477561950684,0.6389838457107544,2.497053623199463,3.259826898574829,11.606468200683594,15.555055618286133,27.97424697875977,2.5194754600524902,3.487672805786133,0.2482446581125259,0.6826865077018738,0.9770582318305968,2.708503007888794,4.812449455261231,3.722445249557495,7.021288871765137,4.412728309631348,8.369588851928711,5.352522373199463,9.67822265625,0.709233744259125,0.3740438153718062,1.0,0.5444423404658209,0.967201800430041,0.8322535020609738,0.1737490935460478
LSTM,beijing_aotizhongxin,full,1,0.0,833668.0,36.8,1.84,0.1809231019940459,10.0,96,24,256,2,0.0005,0.0,4.386363983154297,8.103074073791504,65.65980529785156,27.7590446472168,0.6348714828491211,2.579106092453003,3.35761833190918,11.590225219726562,15.385093688964844,27.09003639221192,2.6809237003326416,3.701386213302612,0.2641579806804657,0.6952010989189148,0.981944978237152,2.8277060985565186,4.954644680023193,3.774792432785034,6.962686061859131,4.54926061630249,8.373434066772461,5.313075542449951,9.55365753173828,0.7109016195310611,0.375391685815751,1.0,0.545868772782503,0.9693768804267148,0.8459387589430309,0.1737490935460478
LSTM,beijing_aotizhongxin,full,2,0.0,833668.0,40.0,1.64,0.1818208245443389,11.0,96,24,256,2,0.0005,0.0,4.3064470291137695,8.082003593444824,65.31877899169922,27.547990798950195,0.6390466690063477,2.634429693222046,3.4007723331451416,11.389418601989746,15.37689971923828,27.0659236907959,2.5105955600738525,3.5076663494110107,0.2473107278347015,0.6913436651229858,0.9782971739768982,2.639347076416016,4.658001899719238,3.668281078338623,6.9178385734558105,4.430775165557861,8.27800464630127,5.287457942962647,9.567548751831056,0.7162315687696398,0.3797648923523973,1.0,0.5504776856656008,0.969495375056976,0.8467343739799148,0.1737490935460478
LSTM,beijing_aotizhongxin,full,3,0.0,833668.0,40.0,1.6,0.1799820938494341,11.0,96,24,256,2,0.0005,0.0,4.323938846588135,8.087265968322754,65.40387725830078,27.406009674072266,0.6409282088279724,2.587462902069092,3.35823130607605,11.48188591003418,15.393251419067385,26.273181915283203,2.5293428897857666,3.526636838912964,0.2492816895246505,0.6970607042312622,0.973849594593048,2.6217377185821533,4.649332046508789,3.666795253753662,6.877651691436768,4.45299243927002,8.304301261901855,5.233307838439941,9.444584846496582,0.7157420836354846,0.379359026797377,1.0,0.5500511751145462,0.971304081622175,0.8564661720992122,0.1737490935460478
LSTM,beijing_aotizhongxin,full,4,0.0,833668.0,36.4,1.76,0.1804478237427967,10.0,96,24,256,2,0.0005,0.0,4.3704938888549805,8.094658851623535,65.52349853515625,27.57486343383789,0.6358985304832458,2.58248233795166,3.372354507446289,11.56544017791748,15.38280200958252,26.73988914489746,2.641308546066284,3.623005151748657,0.260281890630722,0.6927464008331299,0.98208349943161,2.7913475036621094,4.899684429168701,3.805314064025879,7.029684066772461,4.534292221069336,8.34177017211914,5.3196563720703125,9.554449081420898,0.711022480058013,0.3754897351512302,1.0,0.5459724279366526,0.970448826090979,0.8516373879412477,0.1737490935460478
Transformer,beijing_aotizhongxin,full,0,0.0,2668306.0,106.2,2.86,0.2096721477386414,9.0,96,24,256,2,0.0005,0.0,5.042295455932617,9.11141872406006,83.01795196533203,30.39637565612793,0.5876012444496155,3.622735261917114,4.587864875793457,12.839415550231934,17.16180419921875,33.005516052246094,3.014014482498169,3.940027475357056,0.2970828711986542,0.6930153965950012,0.9858794212341307,3.661380052566528,5.887438774108887,4.690952777862549,8.33970832824707,5.153647422790527,9.336087226867676,5.70375394821167,10.227805137634276,0.7519881556683587,0.4119610849225567,1.0,0.5835303668374854,0.9680835346213128,0.8492960359217067,0.1737490935460478
Transformer,beijing_aotizhongxin,full,1,0.0,2668306.0,106.5,2.9,0.2192770572522765,9.0,96,24,256,2,0.0005,0.0,4.984521865844727,8.919272422790527,79.55341339111328,30.218461990356445,0.5959555506706238,3.4548895359039307,4.530772686004639,12.643738746643066,16.73833465576172,31.721132278442383,3.1490743160247803,4.069041728973389,0.3105729222297668,0.6903838515281677,0.9781660437583924,3.47567081451416,5.564034938812256,4.612366676330566,8.127923011779785,5.125601291656494,9.110844612121582,5.733753681182861,10.150230407714844,0.7446458786560309,0.4049121225777377,1.0,0.5764234161988773,0.9707995405771236,0.8591969329404252,0.1737490935460478
Transformer,beijing_aotizhongxin,full,2,0.0,2668306.0,106.1,2.82,0.2058455895446626,9.0,96,24,256,2,0.0005,0.0,4.983187675476074,8.93407917022705,79.81776428222656,29.860916137695312,0.6006261706352234,3.5712544918060303,4.510886669158936,12.638748168945312,16.792306900024414,32.025299072265625,3.0398197174072266,4.000339984893799,0.299813836812973,0.6829332113265991,0.9688649773597716,3.5820329189300537,5.801886081695557,4.543458938598633,8.115842819213867,5.118951797485352,9.19646453857422,5.791717052459717,10.18202304840088,0.7451172347111433,0.4053573946144085,1.0,0.5768744607852972,0.9696428941326204,0.8575552781627837,0.1737490935460478
Transformer,beijing_aotizhongxin,full,3,0.0,2668306.0,105.7,2.88,0.2128408894026423,9.0,96,24,256,2,0.0005,0.0,4.931717872619629,9.113929748535156,83.06371307373047,30.114376068115234,0.593799889087677,3.3585686683654785,4.456060409545898,12.744933128356934,17.215686798095703,33.20911407470703,2.9331746101379395,3.8813765048980713,0.2892378568649292,0.6901940107345581,0.9764516949653624,3.5475969314575195,5.964964866638184,4.569769382476807,8.436225891113281,5.064673900604248,9.34842586517334,5.689625263214111,10.345429420471191,0.7309523809523809,0.3923902066217212,1.0,0.5636210377746849,0.9702175575977108,0.8595261633122703,0.1737490935460478
Transformer,beijing_aotizhongxin,full,4,0.0,2668306.0,106.2,2.89,0.2062199400445863,9.0,96,24,256,2,0.0005,0.0,4.927658081054688,8.700777053833008,75.7035140991211,29.9523868560791,0.6051919460296631,3.46378755569458,4.357329368591309,12.40922737121582,16.32090187072754,30.98004722595215,3.1384599208831787,4.062166213989258,0.3095744252204895,0.6991607546806335,0.9770745038986206,3.5260183811187744,5.634626865386963,4.487507343292236,7.811266422271728,5.044110298156738,8.853025436401367,5.733238697052002,9.92458438873291,0.7471295624848925,0.4072694307123532,1.0,0.5788080403426306,0.9692983133915928,0.8542350118390778,0.1737490935460478
Informer,beijing_aotizhongxin,full,0,0.0,2865682.0,162.2,3.1,0.2112551278681891,13.0,96,24,256,2,0.0005,0.0,4.875434875488281,8.885629653930664,78.95441436767578,29.956335067749023,0.597487211227417,3.691837310791016,4.600454807281494,12.25987720489502,16.70859146118164,29.83353805541992,2.845065116882324,3.809140682220459,0.2805041074752807,0.704961895942688,0.983271300792694,3.2012417316436768,5.164622783660889,4.244917392730713,7.620131015777588,4.975607872009277,9.15720272064209,5.751694679260254,10.246512413024902,0.7489787285472564,0.4090424094123003,1.0,0.5805963066546853,0.9721260748199748,0.8735205318261798,0.1737490935460478
Informer,beijing_aotizhongxin,full,1,0.0,2865682.0,162.5,3.18,0.2017047292571311,13.0,96,24,256,2,0.0005,0.0,4.816354751586914,8.993724822998047,80.88709259033203,30.21759033203125,0.5932927131652832,3.5550999641418457,4.609973907470703,12.494036674499512,17.0145206451416,29.62505531311035,2.513157606124878,3.436874866485596,0.2475182265043258,0.703123927116394,0.9952190518379213,3.028932809829712,5.169315338134766,4.148788928985596,7.660967826843262,5.078889846801758,9.388080596923828,5.754467487335205,10.585811614990234,0.7426516799613246,0.4030281788868639,0.9998608792431832,0.5744889190863492,0.9736379716389828,0.8777711983590044,0.1737490935460478
Informer,beijing_aotizhongxin,full,2,0.0,2865682.0,137.3,3.17,0.1958799343088717,11.0,96,24,256,2,0.0005,0.0,4.985663890838623,9.204036712646484,84.71429443359375,29.84859275817871,0.5894576907157898,3.431375503540039,4.381766319274902,12.874529838562012,17.43360137939453,31.187456130981445,2.9394705295562744,3.8420019149780273,0.2896281480789184,0.6972785592079163,0.9827663898468018,3.697719812393189,6.298135757446289,4.434875965118408,8.28879165649414,4.882400035858154,9.050551414489746,5.637345314025879,10.378896713256836,0.7526528885665942,0.4125963456818475,0.9997913188647746,0.5841317578208346,0.970550744753924,0.8627544238512925,0.1737490935460478
Informer,beijing_aotizhongxin,full,3,0.0,2865682.0,149.4,3.13,0.1981125247137082,12.0,96,24,256,2,0.0005,0.0,4.935202121734619,8.877753257751465,78.81450653076172,30.14604949951172,0.597400963306427,3.96366810798645,4.969320774078369,12.186773300170898,16.582544326782227,30.13979148864746,2.911890983581543,3.825571060180664,0.2871006727218628,0.6784791946411133,0.9736867547035216,3.1829872131347656,5.08975887298584,4.26209020614624,7.558279991149902,5.083664417266846,9.332603454589844,5.775958061218262,10.103065490722656,0.7551486584481508,0.4150714595062797,1.0,0.5866438146538532,0.9722241432624544,0.8681624940495665,0.1737490935460478
Informer,beijing_aotizhongxin,full,4,0.0,2865682.0,138.1,3.13,0.201771259919394,11.0,96,24,256,2,0.0005,0.0,5.047341346740723,8.864219665527344,78.57438659667969,30.14993667602539,0.5944509506225586,4.105405330657959,5.070348262786865,12.275450706481934,16.47829818725586,29.768430709838867,3.1215829849243164,4.013506412506104,0.3078536987304687,0.686926543712616,0.972924530506134,3.82269287109375,6.132339000701904,4.376071929931641,7.763879299163818,5.141556739807129,8.93187427520752,5.703134059906006,9.950919151306152,0.766467246797196,0.4265999910967339,0.9998956594323872,0.59804665966321,0.9711120681564642,0.8615065702471724,0.1737490935460478
Autoformer,beijing_aotizhongxin,full,0,0.0,2674706.0,333.3,6.22,0.2385025180068943,9.0,96,24,256,2,0.0005,0.0,5.452760696411133,9.627448081970217,92.68775177001952,30.45779228210449,0.5304489135742188,3.002226591110229,3.8653645515441895,14.060989379882812,18.092199325561523,34.22063446044922,4.001982688903809,5.233118057250977,0.3944957256317138,0.7458440065383911,1.047229528427124,4.593961238861084,8.069554328918457,5.016043186187744,8.8140230178833,5.512857913970947,9.708563804626465,6.1554951667785645,10.736601829528809,0.7118987188784143,0.3761988877984952,0.9999652198107958,0.5467164874449737,0.960786498148622,0.8224392121712524,0.1737490935460478
Autoformer,beijing_aotizhongxin,full,1,0.0,2674706.0,332.5,6.23,0.241517039880944,9.0,96,24,256,2,0.0005,0.0,5.516001224517822,9.701128005981444,94.11188507080078,30.632230758666992,0.5323004722595215,3.2445759773254395,4.122345924377441,14.079923629760742,18.19021797180176,34.33137512207031,4.005862236022949,5.244527339935303,0.3948659300804138,0.7336421608924866,1.0318317413330078,4.709624290466309,8.138202667236328,5.038164138793945,8.865920066833496,5.586299419403076,9.83216667175293,6.311830997467041,10.892316818237305,0.7191745226009185,0.3821702642673795,0.9994087367835282,0.5529098238423721,0.9607349440883276,0.8067257233270655,0.1737490935460478
Autoformer,beijing_aotizhongxin,full,2,0.0,2674706.0,369.8,6.24,0.2478733847881792,10.0,96,24,256,2,0.0005,0.0,5.42678165435791,9.517293930053713,90.57888793945312,31.009531021118164,0.5376580953598022,3.357750177383423,4.335646629333496,13.708306312561035,17.777721405029297,33.8598747253418,3.913257598876953,5.138386249542236,0.3859141767024994,0.7278093695640564,1.0330945253372192,4.525747299194336,7.764599800109863,4.888857364654541,8.54403305053711,5.475397109985352,9.518129348754885,6.177883625030518,11.019729614257812,0.7274595117234711,0.3893041900273557,0.9998260990539788,0.5604031424839659,0.9608742603323556,0.8173308654501922,0.1737490935460478
Autoformer,beijing_aotizhongxin,full,3,0.0,2674706.0,369.6,6.29,0.2408816276537763,10.0,96,24,256,2,0.0005,0.0,5.438650608062744,9.505053520202637,90.3460464477539,30.460102081298828,0.5497769117355347,3.219785213470459,4.128724098205566,13.895408630371094,17.803922653198242,34.42372131347656,3.9223830699920654,5.131655693054199,0.3865940570831299,0.7170242667198181,1.01204252243042,4.711918830871582,8.022196769714355,5.025729656219482,8.712520599365234,5.471491813659668,9.520118713378906,6.2380805015563965,10.99818992614746,0.7302695189751027,0.39162356537522,0.9980870895937674,0.5625263405502358,0.9624910541643564,0.820685400581533,0.1737490935460478
Autoformer,beijing_aotizhongxin,full,4,0.0,2674706.0,369.7,6.24,0.243344669369142,10.0,96,24,256,2,0.0005,0.0,5.471961975097656,9.401843070983888,88.3946533203125,31.14867210388184,0.5470461845397949,3.578620433807373,4.523061275482178,13.623013496398926,17.4779052734375,33.007606506347656,3.946800708770752,5.158663272857666,0.3890662789344787,0.7394146919250488,1.0156368017196655,4.482053756713867,7.522937774658203,4.985705852508545,8.488088607788086,5.511658191680908,9.416515350341797,6.176746845245361,10.849366188049316,0.7369108049311095,0.3977395346263453,0.9999652198107958,0.5691126110968151,0.9608597132602849,0.8178285877137049,0.1737490935460478
TFT,beijing_aotizhongxin,full,0,0.0,0.0,3540960.0,432.1,6.24,0.1857336743157065,10,96,24,256,2.0,0.0005,4.453016757965088,8.19558048248291,67.16753387451172,28.07154655456543,0.6350737810134888,2.8358137607574463,3.666679859161377,11.776448249816896,15.566656112670898,27.114940643310547,2.4945273399353027,3.457182168960572,0.2457711398601532,0.7052813172340393,0.9760279655456544,3.004060745239258,5.353914737701416,3.810685157775879,7.030818462371826,4.543992042541504,8.368648529052734,5.39143705368042,9.601068496704102,0.7269216823785352,0.3888505700490932,1.0,0.5599602699307645,0.9701049904144164,0.8597637302811351,0.1737490935460478
TFT,beijing_aotizhongxin,full,1,0.0,0.0,3540960.0,431.4,6.19,0.1964226211766278,10,96,24,256,2.0,0.0005,4.768423080444336,8.555381774902344,73.19454956054688,28.804502487182617,0.610977828502655,3.0619373321533203,3.88544225692749,12.139089584350586,16.053627014160156,27.106189727783203,3.1728675365448,4.360264301300049,0.3123522698879242,0.6997978687286377,0.975036323070526,3.320535659790039,5.640007972717285,4.184515953063965,7.393013000488281,4.8993682861328125,8.775687217712402,5.730279445648193,10.042712211608888,0.7309584239787286,0.3923955618031198,1.0,0.5636265621171281,0.9652844362985826,0.8320267932368964,0.1737490935460478
TFT,beijing_aotizhongxin,full,2,0.0,0.0,3540960.0,431.5,6.24,0.1835050789926972,10,96,24,256,2.0,0.0005,4.515315532684326,8.302329063415527,68.92866516113281,27.869384765625,0.6275020837783813,2.875661611557007,3.688618659973145,11.691824913024902,15.710410118103027,29.28842544555664,2.7827327251434326,3.7865593433380127,0.2743774056434631,0.7110428214073181,0.976612150669098,3.076364040374756,5.289525508880615,3.920553207397461,7.128603458404541,4.653677940368652,8.516845703125,5.39831018447876,9.798057556152344,0.72595479816292,0.3880109580167609,1.0,0.5590891855366397,0.971734678389538,0.8604994792890222,0.1737490935460478
TFT,beijing_aotizhongxin,full,3,0.0,0.0,3540960.0,388.9,5.96,0.1989487650333198,9,96,24,256,2.0,0.0005,4.826897621154785,8.514898300170898,72.50349426269531,28.39311981201172,0.6063407063484192,2.84363341331482,3.693105459213257,12.293070793151855,15.93675422668457,28.66761016845703,3.4720585346221924,4.629019737243652,0.3420770764350891,0.6988271474838257,0.9832828640937804,3.6800637245178223,6.23441743850708,4.327061653137207,7.561141014099121,4.89675760269165,8.663320541381836,5.640528202056885,9.7777738571167,0.725821851583273,0.3878957948275164,1.0,0.5589696233292831,0.9633705917000498,0.8278839320671187,0.1737490935460478
TFT,beijing_aotizhongxin,full,4,0.0,0.0,3540960.0,439.3,6.25,0.1949833658748508,10,96,24,256,2.0,0.0005,4.81538200378418,8.586936950683594,73.73548126220703,28.771669387817383,0.6116084456443787,3.201571226119995,4.053962230682373,12.482672691345217,16.189552307128906,28.541683197021484,2.881043672561645,3.9296600818634033,0.2837706804275512,0.6962384581565857,0.9815360903739928,3.4316108226776123,5.901515960693359,4.158710479736328,7.424463272094727,4.930495262145996,8.761951446533203,5.71228551864624,9.9512300491333,0.7296773023930384,0.3912635231679934,1.0,0.5624578185979635,0.9688329387244006,0.8464642757820998,0.1737490935460478
TimesNet,beijing_aotizhongxin,full,0,0.0,0.0,1186378.0,435.7,4.99,0.1833602815452915,10,96,24,256,2.0,0.0005,4.399256706237793,8.16474723815918,66.66309356689453,27.73811721801757,0.636101245880127,2.861080408096313,3.65378475189209,11.47715187072754,15.4660062789917,26.89494514465332,2.5813686847686768,3.62788462638855,0.2541992962360382,0.6774210333824158,0.9712429642677308,2.815223932266236,4.917468547821045,3.781934976577759,6.994403839111328,4.545453071594238,8.375628471374512,5.339335918426514,9.706018447875977,0.7292603335750544,0.3908964842156783,1.0,0.5620784704709402,0.970869986435014,0.8519553792616027,0.1737490935460478
TimesNet,beijing_aotizhongxin,full,1,0.0,0.0,1186378.0,378.8,5.0,0.1817680687143417,9,96,24,256,2.0,0.0005,4.4514689445495605,8.26809310913086,68.36135864257812,27.543262481689453,0.6299123764038086,2.683876276016236,3.451954841613769,11.75002384185791,15.703457832336426,27.5728759765625,2.690170764923096,3.7378251552581774,0.2649979591369629,0.6818071603775024,0.9795024394989014,2.9982895851135254,5.368524074554443,3.871328830718994,7.134590148925781,4.528800487518311,8.402928352355957,5.469146728515625,9.798166275024414,0.7250664732898235,0.3872427540135761,1.0,0.5582912621359223,0.9705224586320672,0.8443911697678758,0.1737490935460478
TimesNet,beijing_aotizhongxin,full,2,0.0,0.0,1186378.0,380.1,5.07,0.1791682555228867,9,96,24,256,2.0,0.0005,4.441146373748779,8.309541702270508,69.04847717285156,27.30301856994629,0.6275232434272766,2.6797850131988525,3.464484453201294,11.719159126281738,15.799630165100098,27.778928756713867,2.679199457168579,3.687245607376098,0.2638952434062958,0.6864435076713562,0.9834385514259338,2.8756356239318848,5.12752103805542,3.847511291503906,7.200814723968506,4.553545475006104,8.486716270446777,5.387672424316406,9.801505088806152,0.7105209088711627,0.3750831648294305,1.0,0.5455425161516787,0.971582688927103,0.855099365460106,0.1737490935460478
TimesNet,beijing_aotizhongxin,full,3,0.0,0.0,1186378.0,487.6,5.07,0.1790344613665566,11,96,24,256,2.0,0.0005,4.38035774230957,8.296577453613281,68.83319091796875,27.292951583862305,0.6315179467201233,2.638963460922241,3.399009943008423,11.686379432678224,15.820636749267578,28.562885284423828,2.508168458938598,3.539149284362793,0.2469955086708068,0.6879161596298218,0.9804980754852296,2.6300270557403564,4.656743049621582,3.678832292556762,6.9836955070495605,4.536895275115967,8.568735122680664,5.317941188812256,9.746352195739746,0.7243171380227218,0.3865971064379067,1.0,0.557619952678329,0.9735654915439717,0.8652759735149601,0.1737490935460478
TimesNet,beijing_aotizhongxin,full,4,0.0,0.0,1186378.0,385.0,5.01,0.1789453035351939,9,96,24,256,2.0,0.0005,4.457533836364746,8.32751750946045,69.34754943847656,27.42379379272461,0.6281352043151855,2.7046539783477783,3.531249761581421,11.80146312713623,15.82046604156494,28.06195831298828,2.63874888420105,3.697902202606201,0.2598747611045837,0.6852704286575317,0.9791933298110962,2.881662368774414,5.233882904052734,3.8230717182159424,7.187170028686523,4.544478416442871,8.476634979248047,5.424070358276367,9.803898811340332,0.7121102248005802,0.3763744894753377,1.0,0.5469070988358822,0.9714950260768188,0.856884235760823,0.1737490935460478
Crossformer,beijing_aotizhongxin,full,0,0.0,0.0,1694628.0,636.0,4.77,0.1744053284300792,11,96,24,256,2.0,0.0005,4.35306978225708,8.118216514587402,65.90544128417969,27.730262756347656,0.6578512191772461,3.1229851245880127,3.982043504714966,11.369830131530762,15.392457008361816,28.33455467224121,2.27093243598938,3.15850830078125,0.2237331867218017,0.6485341191291809,0.928013563156128,2.2320432662963867,3.759466648101807,3.8359375,7.065056324005127,4.518184185028076,8.4088716506958,5.307395458221436,9.46968936920166,0.7487370074933527,0.4088097709402681,1.0,0.5803619187953534,0.976749760722636,0.8895254928810711,0.1737490935460478
Crossformer,beijing_aotizhongxin,full,1,0.0,0.0,1694628.0,905.5,4.88,0.1765343124777791,16,96,24,256,2.0,0.0005,4.329830646514893,8.193702697753906,67.13675689697266,28.179845809936523,0.6414514780044556,3.368088722229004,4.164215087890625,11.050997734069824,15.488093376159668,27.903854370117188,2.248819589614868,3.226602554321289,0.221363753080368,0.6514109373092651,0.9562248587608336,2.284210205078125,3.671624660491944,3.669261693954468,6.780459880828857,4.502111911773682,8.509628295898438,5.36531925201416,9.93461799621582,0.7455765047135605,0.4057788944723618,0.9998260990539788,0.5772721796056066,0.9752815103345288,0.8792056598012579,0.1737490935460478
Crossformer,beijing_aotizhongxin,full,2,0.0,0.0,1694628.0,600.0,4.53,0.1719027865124832,11,96,24,256,2.0,0.0005,4.210739135742188,7.838041305541992,61.43489074707031,27.169788360595703,0.6650685667991638,2.9729936122894287,3.742992401123047,11.070307731628418,14.882197380065918,26.89852333068848,2.148421287536621,3.061155319213867,0.2116465270519256,0.6512358784675598,0.9375962018966676,2.052969455718994,3.470398664474488,3.5424745082855225,6.58445405960083,4.438625812530518,8.2504243850708,5.225689888000488,9.269097328186035,0.757771331883007,0.4176884188506014,1.0,0.5892527769807763,0.9778069315219894,0.8944940738785307,0.1737490935460478
Crossformer,beijing_aotizhongxin,full,3,0.0,0.0,1694628.0,742.5,4.72,0.1669095952425659,13,96,24,256,2.0,0.0005,4.121750354766846,7.805984973907471,60.93339920043945,27.14649772644043,0.6665126085281372,2.93682861328125,3.677371025085449,10.72033977508545,14.819062232971191,26.33034896850586,2.182934761047364,3.119215488433838,0.214869737625122,0.6468960642814636,0.9362091422080994,2.0505118370056152,3.4545907974243164,3.5346779823303223,6.6505327224731445,4.315552234649658,8.086339950561523,5.175332069396973,9.4305419921875,0.7480178873579889,0.4081192334989354,1.0,0.5796657325457149,0.976568923859839,0.890280056711036,0.1737490935460478
Crossformer,beijing_aotizhongxin,full,4,0.0,0.0,1694628.0,802.8,4.63,0.1705413783348025,15,96,24,256,2.0,0.0005,4.219572067260742,8.055079460144043,64.88430786132812,27.31448745727539,0.6561559438705444,2.8124489784240723,3.602434635162353,11.226656913757324,15.355609893798828,26.52231788635254,2.185572862625122,3.141854763031006,0.2150869071483612,0.6536078453063965,0.9453518986701964,2.003610134124756,3.4601845741271973,3.4916439056396484,6.638617992401123,4.402997016906738,8.442394256591797,5.329802513122559,9.66706371307373,0.7330795262267343,0.394284303776638,1.0,0.5655723193736846,0.9773614334653252,0.8926816366641209,0.1737490935460478
XAI-MeteoFormer,beijing_aotizhongxin,no_revin,0,0.0,1892219.0,229.3,3.2,0.1590210443705206,16.0,96,24,256,2,0.0005,0.01,4.188625335693359,8.260855674743652,68.24173736572266,26.52281188964844,0.6598712205886841,2.060049772262573,2.6960785388946533,11.746868133544922,15.960321426391602,27.72406005859375,2.2811920642852783,3.175980806350708,0.2247096449136734,0.6663928627967834,0.937786102294922,2.012634038925171,3.7066304683685294,3.557393789291382,6.925715923309326,4.405010223388672,8.656913757324219,5.189785480499268,9.755741119384766,0.8957396664249456,0.6294378531709404,0.9724193099610462,0.7642098645638299,0.9747997138512896,0.8743601755940705,0.1737490935460478
XAI-MeteoFormer,beijing_aotizhongxin,no_revin,1,0.0,1892219.0,303.2,3.18,0.1576750565409343,21.0,96,24,256,2,0.0005,0.01,4.188346862792969,8.236849784851074,67.84568786621094,26.97481155395508,0.6595627665519714,2.071371793746948,2.629425048828125,11.774564743041992,15.934842109680176,27.86673927307129,2.245107889175415,3.1081314086914062,0.2214058339595794,0.6623412370681763,0.9429863095283508,1.884510397911072,3.5121843814849854,3.447458982467652,6.811384677886963,4.384128093719482,8.45970344543457,5.249899387359619,9.880104064941406,0.9247703649987914,0.7224693649190798,0.9207011686143572,0.8096279418286361,0.9764027640547536,0.8871378711822151,0.1737490935460478
XAI-MeteoFormer,beijing_aotizhongxin,no_revin,2,0.0,1892219.0,260.0,3.2,0.1597035905675688,18.0,96,24,256,2,0.0005,0.01,4.1526641845703125,8.196582794189453,67.18396759033203,26.91103744506836,0.6614561676979065,2.02210021018982,2.6380209922790527,11.709671020507812,15.849165916442873,26.932796478271484,2.219868898391724,3.113718748092652,0.2187375277280807,0.6590189337730408,0.9409759640693665,1.6856619119644165,3.299386739730835,3.4289846420288086,6.788190841674805,4.343175888061523,8.342079162597656,5.3066606521606445,9.97175121307373,0.8887962291515591,0.6131790744466801,0.975132164718976,0.7529136903163435,0.9757460240694292,0.8814708356161918,0.1737490935460478
XAI-MeteoFormer,beijing_aotizhongxin,no_revin,3,0.0,1892219.0,303.6,3.22,0.1594341710926967,21.0,96,24,256,2,0.0005,0.01,4.113217353820801,8.245290756225586,67.98481750488281,26.536386489868164,0.6569384336471558,1.970464110374451,2.5646860599517822,11.577861785888672,15.961660385131836,27.51851463317871,2.234100341796875,3.112126588821411,0.2202250063419342,0.6704416275024414,0.9495657086372375,1.7304401397705078,3.3714029788970947,3.3639519214630127,6.685825347900391,4.352476119995117,8.582586288452148,5.165927410125732,9.717293739318848,0.907251631617114,0.6613928623031354,0.9552378964941568,0.781610176726714,0.9744195961553408,0.8742316638197054,0.1737490935460478
XAI-MeteoFormer,beijing_aotizhongxin,no_revin,4,0.0,1892219.0,303.5,3.19,0.16013463890355423,21.0,96,24,256,2,0.0005,0.01,4.109862804412842,8.139829635620117,66.25682830810547,26.521488189697266,0.6552916765213013,1.9698704481124878,2.5926969051361084,11.531360626220703,15.731316566467285,27.488527297973633,2.2636942863464355,3.1480863094329834,0.22305604815483093,0.674528956413269,0.9594438076019287,1.8969318866729736,3.5456886291503906,3.4410312175750732,6.907730579376221,4.264841079711914,8.346565246582031,5.124127388000488,9.616223335266113,0.9112098138747885,0.67609409053333,0.9386825264329438,0.7860377743152132,0.974711801204725,0.8808015029427007,0.17374909354604787
