model,dataset,ablation,seed,AUC,AP,F1,Precision,Recall,TN,FP,FN,TP,pos_rate
Autoformer,beijing_aotizhongxin,full,0,0.9607865005651849,0.8224393001990604,0.745427264932838,0.7662309048178614,0.725723427935448,130362,6366,7886,20866,0.17374909354604787
Autoformer,beijing_aotizhongxin,full,1,0.960734943706765,0.8067257915426547,0.7502769142816308,0.7713613988685621,0.7303144129104062,130504,6224,7754,20998,0.17374909354604787
Autoformer,beijing_aotizhongxin,full,2,0.9608742607139181,0.8173309315924748,0.7607526436857696,0.7256511444356748,0.7994226488592098,128038,8690,5767,22985,0.17374909354604787
Autoformer,beijing_aotizhongxin,full,3,0.9624910546731061,0.8206854997614383,0.7456213210068253,0.7753285767930905,0.7181065664997217,130745,5983,8105,20647,0.17374909354604787
Autoformer,beijing_aotizhongxin,full,4,0.9608597135146596,0.8178286466852901,0.7537223201022558,0.7486788827122366,0.7588341680578742,129404,7324,6934,21818,0.17374909354604787
Crossformer,beijing_aotizhongxin,full,0,0.9767497604682612,0.889525531479809,0.8197557506498602,0.7734382230448866,0.8719741235392321,129384,7344,3681,25071,0.17374909354604787
Crossformer,beijing_aotizhongxin,full,1,0.9752815104617165,0.8792057107013949,0.8094070615425457,0.7344764064049879,0.9013633834168058,127359,9369,2836,25916,0.17374909354604787
Crossformer,beijing_aotizhongxin,full,2,0.9778069285966764,0.8944940956281171,0.8178746556235164,0.8149235178343289,0.820847245409015,131368,5360,5151,23601,0.17374909354604787
Crossformer,beijing_aotizhongxin,full,3,0.9765689238598392,0.8902800927764631,0.8150079577393248,0.7940613658858463,0.8370895937673901,130486,6242,4684,24068,0.17374909354604787
Crossformer,beijing_aotizhongxin,full,4,0.9773614339740753,0.8926816776930995,0.8251455779686645,0.767582450469863,0.8920422927100723,128962,7766,3104,25648,0.17374909354604787
DLinear,beijing_aotizhongxin,full,0,0.9724340975447088,0.868085755932157,0.6824840900354504,0.8840876397034414,0.5557526432943796,134633,2095,12773,15979,0.17374909354604787
DLinear,beijing_aotizhongxin,full,1,0.9711123647577501,0.8635895647249555,0.7006652806652807,0.8709427330990284,0.5860809682804674,134231,2497,11901,16851,0.17374909354604787
DLinear,beijing_aotizhongxin,full,2,0.972254380186422,0.8680095319308768,0.7400296296296296,0.8563982992730764,0.6515025041736227,133587,3141,10020,18732,0.17374909354604787
DLinear,beijing_aotizhongxin,full,3,0.9719452945556222,0.8670034780149075,0.7169857583621094,0.8690375947298034,0.6102184195882026,134084,2644,11207,17545,0.17374909354604787
DLinear,beijing_aotizhongxin,full,4,0.9722233068773534,0.867045851472866,0.729096721014857,0.8639287245700129,0.6306691708402894,133872,2856,10619,18133,0.17374909354604787
Informer,beijing_aotizhongxin,full,0,0.9721260740568498,0.873520558673486,0.7946004526184937,0.7333352944637289,0.8670353366722315,127663,9065,3823,24929,0.17374909354604787
Informer,beijing_aotizhongxin,full,1,0.9736379729108582,0.87777124962053,0.7958115183246073,0.7043445652756201,0.9145798553144129,125690,11038,2456,26296,0.17374909354604787
Informer,beijing_aotizhongxin,full,2,0.9705507448811116,0.8627544805955956,0.7896181682056401,0.7568653717347622,0.8253338898163606,129105,7623,5022,23730,0.17374909354604787
Informer,beijing_aotizhongxin,full,3,0.9722241427537044,0.8681625310883365,0.7925033467202142,0.7043045641358425,0.905954368391764,125792,10936,2704,26048,0.17374909354604787
Informer,beijing_aotizhongxin,full,4,0.9711120699370897,0.8615066411049807,0.7931090630800794,0.7456371318351601,0.8470367278797997,128420,8308,4398,24354,0.17374909354604787
LSTM,beijing_aotizhongxin,full,0,0.9672017994125409,0.8322535878434729,0.7838717331615878,0.7644628099173554,0.8042918753478019,129603,7125,5627,23125,0.17374909354604787
LSTM,beijing_aotizhongxin,full,1,0.9693768802995273,0.8459388435364645,0.759515281978956,0.8141635170081559,0.7117417918753478,132057,4671,8288,20464,0.17374909354604787
LSTM,beijing_aotizhongxin,full,2,0.9694953762016636,0.846734442380692,0.7634082169601295,0.8104222821203954,0.7215498052309405,131875,4853,8006,20746,0.17374909354604787
LSTM,beijing_aotizhongxin,full,3,0.9713040802231122,0.856466217568334,0.7763081183500947,0.8151591674318948,0.7409919309961046,131897,4831,7447,21305,0.17374909354604787
LSTM,beijing_aotizhongxin,full,4,0.9704488277444168,0.8516375187160831,0.7672084392197013,0.8087107342455193,0.7297579298831386,131765,4963,7770,20982,0.17374909354604787
PatchTST,beijing_aotizhongxin,full,0,0.9717345884679646,0.8630622580504778,0.7521436227224009,0.8362700034048348,0.6833959376739009,132881,3847,9103,19649,0.17374909354604787
PatchTST,beijing_aotizhongxin,full,1,0.971502891988707,0.8611877208266738,0.7506524408965306,0.8372859589041096,0.6802657206455203,132927,3801,9193,19559,0.17374909354604787
PatchTST,beijing_aotizhongxin,full,2,0.9691550793905285,0.845108251508473,0.7470851165002378,0.8243714057843261,0.6830481357818586,132544,4184,9113,19639,0.17374909354604787
PatchTST,beijing_aotizhongxin,full,3,0.9692937312069763,0.8460872363239244,0.7391640567606232,0.832114564290067,0.664892877017251,132871,3857,9635,19117,0.17374909354604787
PatchTST,beijing_aotizhongxin,full,4,0.9706934628824258,0.8600768032726852,0.7531531531531531,0.8389273208642924,0.6832915971062883,132956,3772,9106,19646,0.17374909354604787
TFT,beijing_aotizhongxin,full,0,0.9701049906687912,0.8597638267813287,0.7931483014341943,0.7710954179668255,0.8164997217584864,129759,6969,5276,23476,0.17374909354604787
TFT,beijing_aotizhongxin,full,1,0.9652844352810824,0.8320268449787553,0.764154389382686,0.7643272208497164,0.7639816360601002,129955,6773,6786,21966,0.17374909354604787
TFT,beijing_aotizhongxin,full,2,0.9717346778807878,0.8604995560233852,0.7896247475284363,0.8047670639219935,0.7750417362270451,131322,5406,6468,22284,0.17374909354604787
TFT,beijing_aotizhongxin,full,3,0.9633705953884877,0.8278840542301452,0.7800321314407804,0.744600790513834,0.8190038953811909,128651,8077,5204,23548,0.17374909354604787
TFT,beijing_aotizhongxin,full,4,0.9688329392331506,0.8464643352926992,0.7922641101899082,0.7584539526006044,0.8292292710072343,129135,7593,4910,23842,0.17374909354604787
TimesNet,beijing_aotizhongxin,full,0,0.9708699878340765,0.8519554419422286,0.7993736032494332,0.7527264907376118,0.8521841958820257,128679,8049,4250,24502,0.17374909354604787
TimesNet,beijing_aotizhongxin,full,1,0.970522456088317,0.8443912336342082,0.7994637620444072,0.7713999288555444,0.8296466332776851,129659,7069,4898,23854,0.17374909354604787
TimesNet,beijing_aotizhongxin,full,2,0.9715826885455403,0.855099393154622,0.8018764176232044,0.7924534709957887,0.8115261547022816,130617,6111,5419,23333,0.17374909354604787
TimesNet,beijing_aotizhongxin,full,3,0.9735654931974094,0.8652760491117347,0.8128961603557562,0.7772735926889637,0.851940734557596,129709,7019,4257,24495,0.17374909354604787
TimesNet,beijing_aotizhongxin,full,4,0.9714950246777561,0.8568842628157627,0.797516290812323,0.7825912286575158,0.8130217028380634,130234,6494,5376,23376,0.17374909354604787
Transformer,beijing_aotizhongxin,full,0,0.96808353322225,0.8492960970620916,0.7844937345037861,0.7567550096961861,0.8143433500278241,129202,7526,5338,23414,0.17374909354604787
Transformer,beijing_aotizhongxin,full,1,0.9707995414674361,0.8591969864573477,0.7949513954217623,0.7237352974763047,0.8817125765164162,127051,9677,3401,25351,0.17374909354604787
Transformer,beijing_aotizhongxin,full,2,0.9696428943869956,0.8575553518452891,0.7915460900666559,0.7431467122534954,0.8466889259877574,128314,8414,4408,24344,0.17374909354604787
Transformer,beijing_aotizhongxin,full,3,0.970217559123961,0.8595261927371833,0.7895589014148445,0.6988187394530309,0.9073803561491375,125484,11244,2663,26089,0.17374909354604787
Transformer,beijing_aotizhongxin,full,4,0.9692983142819052,0.8542351187421892,0.787670550741958,0.7533815964945704,0.8252295492487479,128961,7767,5025,23727,0.17374909354604787
XAI-MeteoFormer,beijing_aotizhongxin,full,0,0.9747795982554204,0.8776508495695788,0.7986281234688878,0.8036343146922101,0.7936839176405119,131152,5576,5932,22820,0.17374909354604787
XAI-MeteoFormer,beijing_aotizhongxin,full,1,0.973640416310216,0.8642593280712706,0.8045567078132304,0.8009927953393774,0.8081524763494713,130955,5773,5516,23236,0.17374909354604787
XAI-MeteoFormer,beijing_aotizhongxin,full,2,0.9725032501599429,0.8649302267667615,0.7834712535684603,0.8152590809957133,0.7540692821368948,131815,4913,7071,21681,0.17374909354604787
XAI-MeteoFormer,beijing_aotizhongxin,full,3,0.9726519576757311,0.8621794901696314,0.7899440942919204,0.8092215656234041,0.7715637173066221,131498,5230,6568,22184,0.17374909354604787
XAI-MeteoFormer,beijing_aotizhongxin,full,4,0.9714931981378477,0.8601193305788295,0.7999519032568366,0.7902864512625577,0.8098567056204786,130549,6179,5467,23285,0.17374909354604787
XAI-MeteoFormer,beijing_aotizhongxin,no_revin,0,0.9728861711959178,0.8694568257458739,0.7977056613989374,0.7767051070840197,0.8198734001112966,129951,6777,5179,23573,0.17374909354604787
XAI-MeteoFormer,beijing_aotizhongxin,no_revin,1,0.9703438188064109,0.8633974109780379,0.7657415154050417,0.8025543271063668,0.7321577629382304,131549,5179,7701,21051,0.17374909354604787
XAI-MeteoFormer,beijing_aotizhongxin,no_revin,2,0.9735267539152265,0.8722083080391018,0.8026935167307601,0.7415750213757113,0.8747913188647746,127963,8765,3600,25152,0.17374909354604787
XAI-MeteoFormer,beijing_aotizhongxin,no_revin,3,0.9724178113105525,0.8704687520914192,0.7850378621501485,0.7932185336410439,0.7770242070116862,130904,5824,6411,22341,0.17374909354604787
XAI-MeteoFormer,beijing_aotizhongxin,no_revin,4,0.9755540443084105,0.8826161469048719,0.8139500710238868,0.7670718572088013,0.8669309961046188,129159,7569,3826,24926,0.17374909354604787
iTransformer,beijing_aotizhongxin,full,0,0.973312649377158,0.8708466695542915,0.7560064068339563,0.8367381394563566,0.6894824707846411,132860,3868,8928,19824,0.17374909354604787
iTransformer,beijing_aotizhongxin,full,1,0.972975911018328,0.8679664295862388,0.7657555906934719,0.8345642540620384,0.7074290484140233,132696,4032,8412,20340,0.17374909354604787
iTransformer,beijing_aotizhongxin,full,2,0.9730803248459496,0.8694207119544716,0.7611076551867142,0.8308844713339095,0.7021424596549806,132619,4109,8564,20188,0.17374909354604787
iTransformer,beijing_aotizhongxin,full,3,0.9734890024984756,0.8718954760261444,0.7690143486823595,0.8345886088832797,0.7129938786867001,132665,4063,8252,20500,0.17374909354604787
iTransformer,beijing_aotizhongxin,full,4,0.9733273624289367,0.8709576942799707,0.7563461465053251,0.8380847644023348,0.6891346688925988,132900,3828,8938,19814,0.17374909354604787
