model,dataset,ablation,seed,missing_rate,lambda_ent,norm_variant,width,loss,aug_block,bl_d_model,bl_d_ff,params,train_time_s,infer_time_s,best_val,epochs_run,seq_len,pred_len,d_model,n_layers,lr,MAE,RMSE,MSE,SMAPE,R2,MAE_T,RMSE_T,MAE_RH,RMSE_RH,MAPE_RH,MAE_P,RMSE_P,MAPE_P,MAE_WS,RMSE_WS,MAE_h1,RMSE_h1,MAE_h6,RMSE_h6,MAE_h12,RMSE_h12,MAE_h24,RMSE_h24,CLS_ACC,CLS_P,CLS_R,CLS_F1,CLS_AUC,CLS_AP,CLS_POSRATE
PatchTST,jena,full,0,0.0,0.0,off,default,huber,0.5,,,1657880,675.3,10.69,0.1674758525764961,10,96,24,256,2,0.0005,3.411736965179444,5.719051361083984,32.707550048828125,23.49824333190918,0.6266756057739258,2.287838935852051,2.979788303375244,7.943094253540039,10.37467098236084,11.748700141906738,2.4961912631988525,3.556297540664673,0.2522318065166473,0.9198247790336608,1.2922745943069458,1.2743161916732788,2.21581768989563,2.8869664669036865,5.047295570373535,3.643218517303467,6.0055036544799805,4.241797924041748,6.594786167144775,0.663218411465823,0.1764904106779189,0.9999584941684306,0.3000267747619848,0.9662080457024698,0.6838531964912266,0.0721796807592752
PatchTST,jena,full,2,0.0,0.0,off,default,huber,0.5,,,1657880,1218.7,9.34,0.161071876496029,18,96,24,256,2,0.0005,3.3170080184936523,5.568148612976074,31.0042781829834,23.08335876464844,0.6402814984321594,2.299382209777832,3.000008344650269,7.684990406036377,10.093341827392578,11.367114067077637,2.372255325317383,3.3927040100097656,0.2397532314062118,0.9113991856575012,1.2771528959274292,1.325993299484253,2.218956470489502,2.844898700714112,4.955734729766846,3.511263132095337,5.825421333312988,4.122686862945557,6.460551261901856,0.6856125970664366,0.1864523785515385,0.9977171792636864,0.3141893658179537,0.9697688136090808,0.719625988759192,0.0721796807592752
PatchTST,jena,full,4,0.0,0.0,off,default,huber,0.5,,,1657880,1216.9,9.41,0.1605410626117314,18,96,24,256,2,0.0005,3.2895750999450684,5.576896190643311,31.10177230834961,22.99988174438477,0.6411062479019165,2.245399713516236,2.928828716278076,7.67526388168335,10.14877223968506,11.06729507446289,2.336500644683838,3.3455307483673096,0.2359542697668075,0.901139199733734,1.2801873683929443,1.3280696868896484,2.141477108001709,2.7580268383026123,4.871440887451172,3.508131504058838,5.889817714691162,4.171188831329346,6.506075382232666,0.6719903412903845,0.1803638269201976,1.0,0.305607174341834,0.9695100030735362,0.7079809772099983,0.0721796807592752
Autoformer,jena,full,2,0.0,0.0,on,default,huber,0.5,,,2677305,846.9,14.19,0.2141290327560291,9,96,24,256,2,0.0005,4.020610332489014,6.358090400695801,40.42531204223633,25.16451835632324,0.5300321578979492,2.810197591781616,3.624821662902832,8.441685676574707,10.91899871826172,12.28627586364746,3.883078098297119,5.247633934020996,0.3923397064208984,0.9474846720695496,1.3415542840957642,3.1050069332122803,4.816937446594238,3.629547119140625,5.803119659423828,4.040649890899658,6.407749652862549,4.7037553787231445,7.236410617828369,0.7104843735020612,0.1995195294702398,0.9996679533474452,0.3326473675487542,0.962664541503332,0.6540424379945584,0.0721796807592752
Autoformer,jena,full,4,0.0,0.0,on,default,huber,0.5,,,2677305,1780.0,13.6,0.2050670050608823,19,96,24,256,2,0.0005,3.8577024936676025,6.193480968475342,38.35920715332031,25.914833068847656,0.5543931722640991,2.778526782989502,3.542287588119507,8.483331680297852,10.934979438781738,12.560730934143066,3.2034151554107666,4.41050386428833,0.3237101435661316,0.9655388593673706,1.3648051023483276,2.772394895553589,4.320732116699219,3.432774543762207,5.589477062225342,3.908004760742188,6.314393520355225,4.596102714538574,7.105745792388916,0.7207242833860608,0.2046839087825425,0.994313701075001,0.3394836040019273,0.9603139166109104,0.6383311208432674,0.0721796807592752
TimesNet,jena,full,1,0.0,0.0,off,default,huber,0.5,,,1186507,1139.4,8.03,0.1610480970357856,13,96,24,256,2,0.0005,3.3654937744140625,5.509288787841797,30.35226058959961,22.985774993896484,0.6441274881362915,2.535076379776001,3.2132885456085205,7.546856880187988,9.858997344970703,11.144516944885254,2.504846572875977,3.509674310684204,0.253030925989151,0.87519371509552,1.251478672027588,1.944635033607483,3.129883050918579,2.8940680027008057,4.85018253326416,3.4803287982940674,5.673666954040527,4.140420913696289,6.429600715637207,0.7297059246476848,0.2106027850472197,0.9987133192213506,0.3478524857964812,0.9747823930375752,0.7608765864094489,0.0721796807592752
TimesNet,jena,full,3,0.0,0.0,off,default,huber,0.5,,,1186507,956.3,7.51,0.161258809511675,11,96,24,256,2,0.0005,3.3156864643096924,5.5020365715026855,30.27240562438965,22.70389175415039,0.6442148089408875,2.349480628967285,3.022517681121826,7.445954322814941,9.86093807220459,10.725268363952637,2.5784358978271484,3.624563694000244,0.2604939937591553,0.8888736963272095,1.2563685178756714,1.7772185802459717,2.931295871734619,2.8122541904449463,4.7917304039001465,3.4424872398376465,5.653154850006104,4.160152912139893,6.551417827606201,0.6998010737225577,0.1936320090166244,0.9982982609056572,0.3243520241659249,0.975695767660692,0.7574830147901916,0.0721796807592752
TFT,jena,full,0,0.0,0.0,off,default,huber,0.5,,,3640676,1357.2,12.79,0.1593807275949758,12,96,24,256,2,0.0005,3.294494867324829,5.467913627624512,29.8980770111084,23.046836853027344,0.6516923904418945,2.4565446376800537,3.1283164024353027,7.523245811462402,9.86376667022705,11.162203788757324,2.3078255653381348,3.3092288970947266,0.2331473231315612,0.8903623819351196,1.2494046688079834,1.670586109161377,2.7153549194335938,2.7564146518707275,4.690031051635742,3.4042670726776123,5.578212738037109,4.175747394561768,6.556324005126953,0.7194779982743744,0.2041101136025188,0.9955588760220812,0.3387661714027456,0.9734042321458236,0.735847179716451,0.0721796807592752
TFT,jena,full,2,0.0,0.0,off,default,huber,0.5,,,3640676,1117.0,12.67,0.1591698118737763,10,96,24,256,2,0.0005,3.3504016399383545,5.487575531005859,30.113487243652344,22.65949058532715,0.645098090171814,2.400587320327759,3.057710647583008,7.44266414642334,9.782549858093262,10.83677577972412,2.688814163208008,3.7219083309173584,0.2715267837047577,0.8695436716079712,1.2463912963867188,1.874090313911438,2.9369213581085205,2.8405649662017822,4.772502899169922,3.475436210632324,5.660219669342041,4.146169185638428,6.470627784729004,0.7059246476847857,0.1969708127746275,0.999128377537044,0.3290682414698163,0.9743021646600604,0.7424114550224147,0.0721796807592752
TFT,jena,full,4,0.0,0.0,off,default,huber,0.5,,,3640676,1465.9,12.25,0.1653626898110959,13,96,24,256,2,0.0005,3.447558641433716,5.709113121032715,32.59397506713867,23.36257743835449,0.6294957399368286,2.3947641849517822,3.039494037628174,7.823903083801269,10.246267318725586,11.952391624450684,2.688750743865967,3.815387964248657,0.2719209194183349,0.8828177452087402,1.2625983953475952,1.6765053272247314,2.6158275604248047,2.863830804824829,4.812563896179199,3.6595709323883057,5.9908599853515625,4.296246528625488,6.706751346588135,0.7024584172179081,0.1951433017766826,0.9992944008633212,0.3265228624321044,0.9720057717276372,0.7228607507815286,0.0721796807592752
Crossformer,jena,full,1,0.0,0.0,off,default,huber,0.5,,,1695908,1316.1,6.84,0.1503452464914384,16,96,24,256,2,0.0005,3.1753969192504883,5.222137451171875,27.27071952819824,22.960670471191406,0.6721527576446533,2.8866920471191406,3.469095230102539,6.894423007965088,9.282137870788574,10.098363876342772,2.0933995246887207,3.0728189945220947,0.211407333612442,0.82707279920578,1.2032972574234009,1.5658762454986572,2.332905530929565,2.707363605499268,4.572718620300293,3.265486478805542,5.422072887420654,3.976890563964844,6.158802032470703,0.7858456763493433,0.251598700073383,0.9961399576640518,0.4017307901542479,0.979152019270714,0.7859257731730406,0.0721796807592752
Crossformer,jena,full,3,0.0,0.0,off,default,huber,0.5,,,1695908,1184.6,6.82,0.1502256496560412,14,96,24,256,2,0.0005,3.0880141258239746,5.128098487854004,26.29739189147949,22.65336799621582,0.6808894872665405,2.5017192363739014,3.1502370834350586,6.8722076416015625,9.164837837219238,9.996807098388672,2.143073081970215,3.1342904567718506,0.2164810448884964,0.8350563645362854,1.203144669532776,1.5025750398635864,2.344909191131592,2.6224253177642822,4.5154900550842285,3.2476115226745605,5.312931060791016,3.93386173248291,6.100239276885986,0.7475793308407631,0.2221801490621276,0.998505790063504,0.3634811513182745,0.978833190331612,0.7885136144445624,0.0721796807592752
Crossformer,beijing_aotizhongxin,full,0,0.0,0.0,off,default,huber,0.5,,,1694628,591.0,3.39,0.1694838936029017,14,96,24,256,2,0.0005,4.202260494232178,7.792415142059326,60.72173690795898,27.585039138793945,0.6657497882843018,3.17264175415039,4.069114685058594,10.728622436523438,14.68957805633545,26.25567626953125,2.243344306945801,3.1112940311431885,0.2211469858884811,0.6644308567047119,0.9302799105644226,2.014664649963379,3.445184230804444,3.5621488094329834,6.600856781005859,4.405853271484375,8.14553165435791,5.27194881439209,9.347681045532228,0.7589013778100072,0.4188001806869016,0.9996174179187536,0.590291541297405,0.978073858307068,0.8966656988357707,0.1737490935460478
Crossformer,beijing_aotizhongxin,full,2,0.0,0.0,off,default,huber,0.5,,,1694628,530.0,3.48,0.1737020741372746,14,96,24,256,2,0.0005,4.263844013214111,7.9319539070129395,62.9158935546875,27.87561798095703,0.6577111482620239,3.319535970687866,4.192434310913086,10.925671577453612,14.962376594543455,26.668813705444336,2.166612386703491,3.054994821548462,0.2134068608283996,0.6435555219650269,0.938819408416748,2.127477169036865,3.608712911605835,3.61489200592041,6.657929420471191,4.619025230407715,8.433256149291992,5.376773357391357,9.643182754516602,0.7497220207880106,0.409759434500057,1.0,0.581318236959159,0.9783624788307064,0.8962124828936987,0.1737490935460478
Crossformer,beijing_aotizhongxin,full,4,0.0,0.0,off,default,huber,0.5,,,1694628,596.7,3.14,0.1703126055012771,16,96,24,256,2,0.0005,4.236298084259033,8.041888236999512,64.67196655273438,27.594207763671875,0.6559798717498779,3.18709135055542,3.993379831314087,11.011188507080078,15.258315086364746,27.87256622314453,2.0967400074005127,3.006375551223755,0.2064998894929886,0.6501732468605042,0.9414349794387816,2.344926357269287,3.879793882369995,3.4754087924957275,6.647923946380615,4.543115615844727,8.481269836425781,5.366721630096436,9.783036231994627,0.7470389170896785,0.4071829150852546,1.0,0.578720663419347,0.9766734505027864,0.8886077605769485,0.1737490935460478
XAI-MeteoFormer,jena,no_revin,1,0.0,0.01,off,default,huber,0.5,,,1892475,777.8,6.5,0.1451701264826822,18,96,24,256,2,0.0005,3.048214912414551,5.303993225097656,28.132343292236328,21.979724884033203,0.6743581295013428,1.940911889076233,2.56321382522583,7.198791980743408,9.697107315063477,10.509617805480955,2.2089946269989014,3.226595401763916,0.2231580466032028,0.8441622257232666,1.2306456565856934,1.2328784465789795,2.105583667755127,2.555110216140747,4.714890480041504,3.1555838584899902,5.445102691650391,3.895836353302002,6.276308059692383,0.9447829786214168,0.578053487730907,0.870211264682688,0.6946639497705548,0.9794014945155288,0.7979641186982851,0.0721796807592752
XAI-MeteoFormer,jena,no_revin,3,0.0,0.01,off,default,huber,0.5,,,1892475,770.9,6.5,0.1459716438888275,18,96,24,256,2,0.0005,3.0320968627929688,5.307640075683594,28.17104148864746,21.774778366088867,0.6794498562812805,1.8971956968307493,2.4883244037628174,7.197245597839356,9.746366500854492,10.318355560302734,2.1835734844207764,3.1643826961517334,0.2206147909164428,0.8503705263137817,1.2195907831192017,1.3901958465576172,2.3237075805664062,2.5317187309265137,4.607387542724609,3.185874938964844,5.557151317596436,3.834744930267334,6.190877437591553,0.9452623190489886,0.5827364711232378,0.8509940646660856,0.6917691516102367,0.977274388361159,0.7831557127335453,0.0721796807592752
TFT,beijing_aotizhongxin,full,0,0.0,0.0,off,default,huber,0.5,,,3540960,452.4,6.21,0.1875601474966734,9,96,24,256,2,0.0005,4.51711893081665,8.202163696289062,67.2754898071289,28.29469490051269,0.632451593875885,2.971061944961548,3.8009870052337646,11.763896942138672,15.50546169281006,26.96459197998047,2.6313607692718506,3.645146608352661,0.2593488097190857,0.7021576762199402,0.9736490845680236,3.065990209579468,5.270938873291016,3.893008947372437,7.057760715484619,4.583573818206787,8.352948188781738,5.477891445159912,9.634544372558594,0.7263173797437756,0.3883253872854229,1.0,0.5594155244034127,0.969949022908063,0.8555413056134206,0.1737490935460478
TFT,beijing_aotizhongxin,full,1,0.0,0.0,off,default,huber,0.5,,,3540960,508.0,6.34,0.1925362567476442,10,96,24,256,2,0.0005,4.602784633636475,8.522170066833496,72.62738037109375,27.85480690002441,0.6203628778457642,2.855445623397827,3.6611273288726807,11.919836044311523,16.123424530029297,29.78456115722656,2.948193073272705,4.024607181549072,0.2902834117412567,0.6876641511917114,0.9712806940078736,3.112797975540161,5.380359649658203,3.939221143722534,7.22097110748291,4.725795269012451,8.698357582092285,5.516821384429932,10.031120300292969,0.7291817742325356,0.3908274090285046,1.0,0.5620070563629433,0.9696452904725978,0.8549723394019452,0.1737490935460478
TFT,beijing_aotizhongxin,full,3,0.0,0.0,off,default,huber,0.5,,,3540960,461.2,6.35,0.1989065813726121,9,96,24,256,2,0.0005,4.75946855545044,8.46069622039795,71.5833740234375,28.3881778717041,0.60353684425354,2.952807664871216,3.839066505432129,11.922629356384276,15.784870147705078,29.55838203430176,3.463320732116699,4.631658554077148,0.3409173190593719,0.6991163492202759,0.9903331398963928,3.477025032043457,5.893584728240967,4.186670303344727,7.3373589515686035,4.903655052185059,8.687261581420898,5.58272123336792,9.753325462341309,0.7267645636934977,0.3887138859221004,1.0,0.5598185340589374,0.96318785173046,0.8240187932765394,0.1737490935460478
Informer,jena,full,0,0.0,0.0,off,default,huber,0.5,,,2867475,555.1,6.01,0.1699786184834721,12,96,24,256,2,0.0005,3.563803195953369,5.743448734283447,32.98720169067383,23.882843017578125,0.6290245056152344,3.077702760696411,3.745577573776245,7.509552478790283,10.087583541870115,10.7384614944458,2.818441152572632,3.83394718170166,0.2844124734401703,0.8495194315910339,1.20869779586792,2.158524513244629,3.259315252304077,3.207603931427002,5.2807698249816895,3.73990797996521,5.98938512802124,4.394904136657715,6.851286888122559,0.792346730898284,0.2575959002508737,0.9972606151164238,0.4094336568200601,0.9742569579357344,0.7374766084179146,0.0721796807592752
Informer,jena,full,2,0.0,0.0,off,default,huber,0.5,,,2867475,516.8,6.02,0.1677032186229948,11,96,24,256,2,0.0005,3.5029854774475098,5.70859432220459,32.58805084228516,23.989402770996094,0.6354044675827026,2.944798231124878,3.6511268615722656,7.6517815589904785,10.151615142822266,11.056745529174805,2.5527539253234863,3.5323312282562256,0.2578167617321014,0.8626042008399963,1.2201849222183228,2.1459221839904785,3.272233486175537,3.1161913871765137,5.18302059173584,3.6551084518432617,5.942734241485596,4.294073581695557,6.776632308959961,0.7737303470424696,0.2415221018352865,0.9973851326111318,0.3888758526382224,0.9727348241472322,0.734729756010394,0.0721796807592752
Informer,jena,full,4,0.0,0.0,off,default,huber,0.5,,,2867475,557.9,5.91,0.1642507627275639,12,96,24,256,2,0.0005,3.3562915325164795,5.488774299621582,30.126644134521484,23.249658584594727,0.6545921564102173,2.7192277908325195,3.3843111991882324,7.300363063812256,9.761674880981444,10.588205337524414,2.556365966796875,3.5084736347198486,0.2581343054771423,0.8492090702056885,1.205549240112305,2.0020766258239746,2.994234085083008,3.0847713947296143,5.148203372955322,3.453981637954712,5.638893127441406,4.107492923736572,6.47706413269043,0.7566358690441952,0.2287005735556652,0.999626447515876,0.372238236180555,0.9752182995572078,0.7370936846257189,0.0721796807592752
TimesNet,beijing_aotizhongxin,full,1,0.0,0.0,off,default,huber,0.5,,,1186378,499.3,4.47,0.1829234764952204,11,96,24,256,2,0.0005,4.411617755889893,8.177241325378418,66.86727905273438,27.559450149536133,0.6370518207550049,2.880236387252808,3.671824455261232,11.49644660949707,15.490548133850098,28.19260025024414,2.589505434036255,3.618370056152344,0.2550819218158722,0.6802821159362793,0.9680588245391846,2.7723724842071533,4.87482213973999,3.826782703399658,7.065056324005127,4.530481338500977,8.37707805633545,5.392213344573975,9.687439918518066,0.7321247280638143,0.393431855500821,1.0,0.5646947914211643,0.972138951156844,0.8533500806169886,0.1737490935460478
TimesNet,beijing_aotizhongxin,full,3,0.0,0.0,off,default,huber,0.5,,,1186378,468.1,3.97,0.1817094581050439,11,96,24,256,2,0.0005,4.47479248046875,8.26345157623291,68.28462982177734,27.58391189575196,0.6315696239471436,2.959161758422852,3.732863187789917,11.673367500305176,15.656492233276367,27.432403564453125,2.585428237915039,3.623617887496948,0.2547298669815063,0.6812116503715515,0.9735983610153198,2.8439316749572754,4.947623252868652,3.880262136459351,7.1974945068359375,4.6077961921691895,8.442696571350098,5.358822822570801,9.682406425476074,0.7300580130529369,0.3915992481817439,1.0,0.5628046274003171,0.9735713057940494,0.8672703742448546,0.1737490935460478
Autoformer,beijing_aotizhongxin,full,0,0.0,0.0,on,default,huber,0.5,,,2674742,444.5,6.66,0.2265704171536839,10,96,24,256,2,0.0005,5.377130031585693,9.30435276031494,86.57097625732422,30.392578125,0.5551005601882935,3.5564661026000977,4.434829235076904,13.494147300720217,17.357696533203125,30.676734924316406,3.729053258895874,4.928987503051758,0.3676156401634216,0.7288558483123779,1.0156768560409546,4.459799289703369,7.304918766021728,4.9314494132995605,8.405380249023438,5.418368339538574,9.374438285827637,6.119819641113281,10.742446899414062,0.7382704858593183,0.3989505684420938,0.9995826377295493,0.5702890139000506,0.9655527136878872,0.8320449591032681,0.1737490935460478
Autoformer,beijing_aotizhongxin,full,2,0.0,0.0,on,default,huber,0.5,,,2674742,407.0,6.81,0.2293600859211228,9,96,24,256,2,0.0005,5.277015686035156,9.253397941589355,85.62538146972656,29.82115173339844,0.5569252967834473,3.1728944778442383,4.036463737487793,13.319597244262695,17.2982234954834,32.03386688232422,3.904994249343872,5.093439102172852,0.385011225938797,0.7105804085731506,1.018235445022583,4.362387657165527,7.137991428375244,4.772284030914307,8.250744819641113,5.334094524383545,9.352222442626951,6.120187759399414,10.79613971710205,0.7197123519458545,0.3826731619017196,0.9999652198107958,0.5535212352239036,0.963479992041399,0.8210321134777875,0.1737490935460478
Autoformer,beijing_aotizhongxin,full,4,0.0,0.0,on,default,huber,0.5,,,2674742,407.3,6.98,0.2285028942785046,9,96,24,256,2,0.0005,5.326385021209717,9.434255599975586,89.00518035888672,29.960662841796875,0.5510507822036743,3.094135284423828,3.945614814758301,13.577520370483398,17.69733428955078,32.98660659790039,3.9251441955566406,5.120452880859375,0.3869460523128509,0.7087406516075134,1.0189141035079956,4.534206867218018,7.690695285797119,4.887362480163574,8.648720741271973,5.328917980194092,9.486844062805176,6.06855058670044,10.631227493286133,0.7215615180082185,0.3841978609625668,0.9995130773511408,0.5550448084054388,0.9636395169825572,0.8279458377337616,0.1737490935460478
PatchTST,beijing_aotizhongxin,full,1,0.0,0.0,off,default,huber,0.5,,,1657880,339.4,4.66,0.1822916178672335,11,96,24,256,2,0.0005,4.391933441162109,8.402240753173828,70.59764862060547,27.29376602172852,0.6261906027793884,2.022556781768799,2.670807123184204,12.100408554077148,16.12787437438965,28.840368270874023,2.749181270599365,3.7637691497802734,0.2707503139972687,0.6955834627151489,0.991496205329895,1.928100347518921,3.596489906311035,3.852062463760376,7.3357157707214355,4.694094657897949,8.852071762084961,5.253084182739258,9.66954517364502,0.7002719361856418,0.3669640464065551,1.0,0.5369037281868855,0.971222258841034,0.8606845642590576,0.1737490935460478
PatchTST,beijing_aotizhongxin,full,3,0.0,0.0,off,default,huber,0.5,,,1657880,709.4,4.74,0.1753303399251772,23,96,24,256,2,0.0005,4.3253560066223145,8.26891803741455,68.37500762939453,27.25074958801269,0.6306621432304382,2.244435787200928,2.9500293731689453,11.869829177856444,15.852582931518556,27.40624237060547,2.493017673492432,3.536708354949951,0.2454418987035751,0.6941419243812561,0.9923096299171448,1.812803149223328,3.37568736076355,3.6280808448791504,7.000966548919678,4.643001079559326,8.758399963378906,5.3304972648620605,9.65781307220459,0.7070219966159053,0.3722712794883082,1.0,0.5425622251995547,0.9684723207823716,0.8259184221961703,0.1737490935460478
XAI-MeteoFormer,beijing_aotizhongxin,no_revin,0,0.0,0.01,off,default,huber,0.5,,,1892219,371.3,3.38,0.158763326750697,18,96,24,256,2,0.0005,4.135352611541748,8.203083992004395,67.29058837890625,26.46650695800781,0.6590407490730286,2.0486228466033936,2.6139585971832275,11.602651596069336,15.868135452270508,27.75169563293457,2.2204129695892334,3.104062795639038,0.2188998460769653,0.6697230339050293,0.9469360709190368,1.783778429031372,3.37960171699524,3.472067356109619,6.972280502319336,4.338028430938721,8.5166015625,5.140446662902832,9.603920936584473,0.9065083393763596,0.6600853402762711,0.9523163606010016,0.7797189355431208,0.9754996113587056,0.8858849585470918,0.1737490935460478
XAI-MeteoFormer,beijing_aotizhongxin,no_revin,2,0.0,0.01,off,default,huber,0.5,,,1892219,331.1,3.39,0.15950857611455,16,96,24,256,2,0.0005,4.237703800201416,8.29566478729248,68.81806182861328,26.78744888305664,0.6481520533561707,1.9626718759536743,2.52400541305542,11.965503692626951,16.050838470458984,28.13630104064941,2.348177671432495,3.215781688690185,0.2313234657049179,0.6744614243507385,0.9648895263671876,1.846879243850708,3.32806658744812,3.698074102401733,7.201583385467529,4.537164211273193,8.808730125427246,5.223926067352295,9.68075180053711,0.8966521634034325,0.6316503186728744,0.9720367278797996,0.7657196087564043,0.9756001846321128,0.8810869633772243,0.1737490935460478
XAI-MeteoFormer,beijing_aotizhongxin,no_revin,4,0.0,0.01,off,default,huber,0.5,,,1892219,374.7,3.4,0.1627356686008198,18,96,24,256,2,0.0005,4.329340934753418,8.425020217895508,70.98096466064453,27.01066780090332,0.6457690596580505,2.0328497886657715,2.604504346847534,12.207724571228027,16.296939849853516,30.086973190307617,2.4081602096557617,3.2603847980499268,0.237414076924324,0.6686294674873352,0.9591580629348756,2.1013970375061035,3.742215871810913,3.808735847473145,7.417120456695557,4.471328258514404,8.756993293762207,5.246442317962647,9.694372177124023,0.8891648537587624,0.6138635518516088,0.9760712298274904,0.7537095972820905,0.975123134532572,0.8784694264801303,0.1737490935460478
Transformer,jena,full,1,0.0,0.0,off,default,huber,0.5,,,2670099,306.0,5.26,0.170569812537675,8,96,24,256,2,0.0005,3.4963648319244385,5.656942844390869,32.00100326538086,23.811309814453125,0.628771960735321,2.913243293762207,3.5828044414520264,7.538296222686768,10.003536224365234,11.042882919311523,2.6742422580718994,3.680087327957153,0.2702255845069885,0.859679102897644,1.246501326560974,2.2838292121887207,3.4457597732543945,3.0978450775146484,5.052043914794922,3.634100914001465,5.905758380889893,4.177492141723633,6.510308265686035,0.763370602051577,0.2336425923409871,0.999252895031752,0.3787312699099383,0.9762611445147624,0.7441845579606459,0.0721796807592752
Transformer,jena,full,3,0.0,0.0,off,default,huber,0.5,,,2670099,310.6,5.26,0.1708257322398391,8,96,24,256,2,0.0005,3.5579323768615723,5.764801502227783,33.23293685913086,24.27856636047364,0.6277487277984619,3.039340019226074,3.716462135314941,7.635493755340576,10.194738388061523,10.878256797790527,2.688143253326416,3.7004544734954834,0.2714612782001495,0.8687564730644226,1.2221075296401978,2.526007890701294,3.912850856781006,3.163796901702881,5.226210594177246,3.686053276062012,5.98300313949585,4.247109413146973,6.640661239624023,0.7790360464001533,0.2458106849287023,0.9966795334744531,0.3943604145111757,0.9747350234329596,0.7420627163855031,0.0721796807592752
Informer,beijing_aotizhongxin,full,0,0.0,0.0,off,default,huber,0.5,,,2865682,221.2,3.35,0.20634588990322,10,96,24,256,2,0.0005,4.981781482696533,9.01481819152832,81.26695251464844,29.97593879699707,0.5954321622848511,3.745904445648194,4.682573318481445,12.539294242858888,16.956809997558594,30.67671585083008,2.9577412605285645,3.828257322311402,0.2915467023849487,0.6841837167739868,0.9758594036102296,3.702267646789551,6.040348529815674,4.271677494049072,7.625157833099365,5.013519287109375,9.246848106384276,5.729325294494629,10.239340782165527,0.7578619772782209,0.4177675081019023,0.9998260990539788,0.589301271998606,0.9703073468960646,0.8601456039559837,0.1737490935460478
Informer,beijing_aotizhongxin,full,2,0.0,0.0,off,default,huber,0.5,,,2865682,225.4,3.35,0.1946317276658651,10,96,24,256,2,0.0005,4.853054046630859,8.85532283782959,78.416748046875,29.318164825439453,0.6059699058532715,3.5333914756774902,4.407536029815674,12.320944786071776,16.707927703857422,29.88898468017578,2.871557712554932,3.760429620742798,0.2830122709274292,0.6863251328468323,0.972091257572174,3.316460609436035,5.446045875549316,4.376057624816895,7.944169044494629,4.915328502655029,8.877622604370117,5.573435306549072,10.12668514251709,0.7588530335992265,0.4187703019620981,0.9998956594323872,0.5903103600505117,0.971457594536669,0.8662922190402563,0.1737490935460478
Informer,beijing_aotizhongxin,full,4,0.0,0.0,off,default,huber,0.5,,,2865682,270.6,3.37,0.201388330266192,12,96,24,256,2,0.0005,4.857101917266846,8.857429504394531,78.45406341552734,30.298439025878903,0.6044482588768005,3.961883544921875,4.9616379737854,12.2588529586792,16.62918472290039,29.55327606201172,2.5289571285247803,3.424485921859741,0.2492684125900268,0.6787121295928955,0.970345675945282,3.3298418521881104,5.525472164154053,4.314136505126953,7.953115463256836,5.051308631896973,9.140572547912598,5.806385040283203,10.465333938598633,0.7578136330674402,0.4177022018748637,0.9995826377295493,0.5891940096558935,0.970786980937168,0.8627324160323667,0.1737490935460478
Transformer,beijing_aotizhongxin,full,1,0.0,0.0,on,default,huber,0.5,,,2668342,159.3,3.06,0.1983338273095986,8,96,24,256,2,0.0005,4.925037384033203,8.859993934631348,78.4994888305664,29.59580039978028,0.5941329002380371,3.339184761047364,4.2270050048828125,12.766502380371094,16.724353790283203,30.24210929870605,2.877332925796509,3.928054094314575,0.2834904789924621,0.7171255946159363,0.998367726802826,3.0663435459136963,5.218993663787842,4.394658088684082,7.934333801269531,4.99412202835083,8.974352836608887,5.867132663726807,10.285014152526855,0.7338651196519217,0.3949884602703594,1.0,0.566296383833609,0.9698893438549112,0.8538089122770591,0.1737490935460478
Transformer,beijing_aotizhongxin,full,3,0.0,0.0,on,default,huber,0.5,,,2668342,178.2,3.0,0.2015539373589857,9,96,24,256,2,0.0005,4.885488986968994,8.91010856628418,79.39002990722656,29.73579788208008,0.5964952707290649,3.313477039337158,4.187976360321045,12.827722549438477,16.890302658081055,29.248729705810547,2.68050479888916,3.707447052001953,0.2640184164047241,0.7202510237693787,0.9967464208602904,3.065753221511841,5.247072219848633,4.3064446449279785,7.837896823883057,5.008325576782227,9.193053245544434,5.787276744842529,10.273664474487305,0.7402465554749819,0.400802944128471,1.0,0.5722474325292572,0.9699768419973632,0.8490467288678698,0.1737490935460478
LSTM,jena,full,0,0.0,0.0,on,default,huber,0.5,,,834694,244.2,2.7,0.1643414747666572,10,96,24,256,2,0.0005,3.36149263381958,5.542644023895264,30.720903396606445,23.322620391845703,0.638745903968811,2.637598752975464,3.332409620285034,7.522701263427734,9.916319847106934,10.953900337219238,2.4078426361083984,3.442741870880127,0.2433217763900756,0.8778268098831177,1.262043833732605,1.8079140186309808,2.895799398422241,2.869441032409668,4.869464874267578,3.5120816230773926,5.75373125076294,4.140442848205566,6.494112491607666,0.7353381746716519,0.2138205660427783,0.9962229693271905,0.3520748683496399,0.971551859968379,0.7199370302544641,0.0721796807592752
LSTM,jena,full,2,0.0,0.0,on,default,huber,0.5,,,834694,270.1,2.7,0.160603895757483,11,96,24,256,2,0.0005,3.3151731491088867,5.536869049072266,30.65692138671875,23.033899307250977,0.6416680812835693,2.527315855026245,3.2178163528442383,7.468761444091797,9.935420036315918,10.695157051086426,2.38485074043274,3.460571050643921,0.2409435808658599,0.8797655701637268,1.259041428565979,1.651181697845459,2.6691789627075195,2.7690725326538086,4.776792049407959,3.460567712783813,5.773108005523682,4.179268836975098,6.53168535232544,0.7235853465631291,0.2067215033039647,0.9972191092848546,0.342453159631406,0.9714456275468648,0.7230512752426498,0.0721796807592752
LSTM,jena,full,4,0.0,0.0,on,default,huber,0.5,,,834694,244.1,2.65,0.1638576297261589,10,96,24,256,2,0.0005,3.396911382675171,5.615788459777832,31.537080764770508,23.21546936035156,0.6345152854919434,2.502429962158203,3.199521541595459,7.734158515930176,10.098922729492188,11.411263465881348,2.4706268310546875,3.5084757804870605,0.2496722340583801,0.8804317116737366,1.2703444957733154,1.7963892221450806,2.9423129558563232,2.917490243911743,4.983335971832275,3.526276111602783,5.792661190032959,4.175814628601074,6.521667957305908,0.7070451059342345,0.1975059314172187,0.9985472958950732,0.329783005030774,0.9716192320443028,0.7201653085847408,0.0721796807592752
iTransformer,jena,full,1,0.0,0.0,off,default,huber,0.5,,,1611032,480.2,2.58,0.1635473424499325,19,96,24,256,2,0.0005,3.2861039638519287,5.573852062225342,31.067827224731445,23.2724838256836,0.6294844746589661,2.4106225967407227,3.1249420642852783,7.484545707702637,10.066378593444824,10.788481712341309,2.3367106914520264,3.3864874839782715,0.2360715270042419,0.9125329852104188,1.3060518503189087,1.3559463024139404,2.2308924198150635,2.7327921390533447,4.810035705566406,3.465822219848633,5.807666778564453,4.220666408538818,6.646262645721436,0.7036837311858882,0.1955695532931305,0.9974266384427012,0.3270191195482071,0.9690833391028568,0.7084080226511684,0.0721796807592752
iTransformer,jena,full,3,0.0,0.0,off,default,huber,0.5,,,1611032,357.9,2.64,0.1646450834507418,14,96,24,256,2,0.0005,3.2776312828063965,5.55017614364624,30.80445671081543,23.242076873779297,0.6306377649307251,2.399066209793091,3.13631010055542,7.471591472625732,10.01203727722168,10.760461807250977,2.3250539302825928,3.381886005401612,0.2349620163440704,0.9148125052452089,1.305117130279541,1.3178894519805908,2.243557929992676,2.757495164871216,4.860607147216797,3.4988956451416016,5.7874956130981445,4.181503772735596,6.557806491851807,0.6886893634359121,0.1880764060399537,0.9987963308844892,0.316546194776409,0.970077715626568,0.7082953630140963,0.0721796807592752
DLinear,jena,full,0,0.0,0.0,off,default,huber,0.5,,,4656,290.7,2.86,0.1732672708027684,17,96,24,256,2,0.0005,3.411670923233032,5.742476940155029,32.976043701171875,23.075897216796875,0.6170418858528137,2.120136260986328,2.7934799194335938,7.660122871398926,10.289546966552734,11.306917190551758,2.937796115875244,4.06770658493042,0.2967858016490936,0.9286316633224488,1.296040415763855,1.001265048980713,1.79352605342865,2.974007129669189,5.1017746925354,3.748894453048706,6.146398544311523,4.199467658996582,6.587415218353272,0.6618313201035375,0.1756617544987616,0.9979247084215332,0.298737605924306,0.9651798652702877,0.6931051654144742,0.0721796807592752
DLinear,jena,full,2,0.0,0.0,off,default,huber,0.5,,,4656,250.6,2.72,0.1720948209679388,15,96,24,256,2,0.0005,3.4074487686157227,5.734809875488281,32.88804244995117,23.13077545166016,0.61847323179245,2.137141704559326,2.81766676902771,7.659092903137207,10.277630805969238,11.28886604309082,2.907797336578369,4.03867769241333,0.2937247455120086,0.9257625937461852,1.293157696723938,0.9697976112365724,1.7819145917892456,2.9651198387146,5.082432270050049,3.746947050094605,6.139627933502197,4.187686443328857,6.596686840057373,0.6595484613172274,0.1747128440966849,0.99813223757938,0.2973734975515655,0.9658679400307716,0.6951405897157649,0.0721796807592752
DLinear,jena,full,4,0.0,0.0,off,default,huber,0.5,,,4656,180.7,2.36,0.1741409446197256,11,96,24,256,2,0.0005,3.439860343933105,5.766839504241943,33.256439208984375,23.163009643554688,0.6153591871261597,2.140516996383667,2.810641050338745,7.701316356658935,10.323877334594728,11.32167911529541,2.9912941455841064,4.107136249542236,0.3021689057350158,0.9263188242912292,1.2942345142364502,1.1419954299926758,2.007673501968384,3.022424459457397,5.159256458282471,3.747796535491944,6.1585373878479,4.202311992645264,6.594790458679199,0.6587395743457003,0.1743519089228092,0.9979662142531026,0.2968431709033445,0.9641636707745808,0.6872106952491205,0.0721796807592752
DLinear,beijing_aotizhongxin,full,1,0.0,0.0,off,default,huber,0.5,,,4656,158.1,1.8,0.1820738986948439,19,96,24,256,2,0.0005,4.349648475646973,8.381624221801758,70.25161743164062,27.655649185180664,0.6202051043510437,2.0099449157714844,2.62650203704834,11.859682083129885,16.065284729003906,29.3457088470459,2.805274724960327,3.873847007751465,0.2763251364231109,0.7236899733543396,1.0039362907409668,1.5597472190856934,3.047428607940674,3.798737764358521,7.282492160797119,4.737927913665772,8.950078964233398,5.29862117767334,9.702678680419922,0.6995105148658448,0.3663748614243663,1.0,0.536272836639342,0.9721717621017476,0.8667454533951259,0.1737490935460478
DLinear,beijing_aotizhongxin,full,3,0.0,0.0,off,default,huber,0.5,,,4656,133.2,1.68,0.182800328939194,16,96,24,256,2,0.0005,4.357717514038086,8.400059700012207,70.56099700927734,27.64385032653809,0.6191805601119995,1.9947320222854608,2.624596357345581,11.884648323059082,16.100181579589844,29.42057037353516,2.825838565826416,3.889779806137085,0.2783870995044708,0.7256476879119873,1.0045753717422483,1.5168118476867676,3.0166804790496826,3.822797298431397,7.303393363952637,4.755486965179443,8.965611457824707,5.291147232055664,9.70340633392334,0.6995346869712352,0.3663935366304334,1.0,0.5362928421543484,0.972489206496058,0.8659651691122605,0.1737490935460478
LSTM,beijing_aotizhongxin,full,0,0.0,0.0,on,default,huber,0.5,,,833668,127.8,2.0,0.1773507184411418,10,96,24,256,2,0.0005,4.292479991912842,7.984701633453369,63.755462646484375,27.52372932434082,0.6429526209831238,2.6370503902435303,3.4252769947052,11.312349319458008,15.169716835021973,26.111326217651367,2.518653631210327,3.495344400405884,0.2481674998998642,0.701871395111084,0.9755088686943054,2.63508939743042,4.621938705444336,3.693075180053711,6.891656398773193,4.394272804260254,8.133759498596191,5.320748805999756,9.59486198425293,0.7134155184916606,0.3774417139256458,1.0,0.5480329368709973,0.970974429770139,0.8553884321264379,0.1737490935460478
LSTM,beijing_aotizhongxin,full,2,0.0,0.0,on,default,huber,0.5,,,833668,128.2,2.0,0.1787484987254758,10,96,24,256,2,0.0005,4.273245811462402,8.0014066696167,64.02250671386719,27.197643280029297,0.6434376239776611,2.574917316436768,3.3555257320404053,11.355179786682127,15.230291366577148,27.0839958190918,2.479105234146118,3.452033042907715,0.2442920506000518,0.6837828159332275,0.9757835268974304,2.666311264038086,4.739258766174316,3.658017635345459,6.894086837768555,4.342939853668213,8.14697265625,5.315261363983154,9.570629119873049,0.7118503746676336,0.3761627526656636,1.0,0.5466835255307215,0.9709557971806992,0.8534219768584669,0.1737490935460478
LSTM,beijing_aotizhongxin,full,4,0.0,0.0,on,default,huber,0.5,,,833668,139.0,1.79,0.1815624148806253,11,96,24,256,2,0.0005,4.410843849182129,8.207704544067383,67.36641693115234,28.01128387451172,0.6360215544700623,2.685150623321533,3.4663705825805664,11.681050300598145,15.617949485778809,26.716703414916992,2.5762689113616943,3.5468063354492188,0.25394007563591,0.7009033560752869,0.9745585918426514,2.6222331523895264,4.537242889404297,3.7517707347869873,6.939747333526611,4.523260593414307,8.415343284606934,5.397786617279053,9.6422700881958,0.7204193860285231,0.3832731247583881,1.0,0.5541539380739913,0.9673251233527608,0.8216178205940108,0.1737490935460478
iTransformer,beijing_aotizhongxin,full,2,0.0,0.0,off,default,huber,0.5,,,1611032,177.5,1.85,0.1827050463478228,14,96,24,256,2,0.0005,4.374021530151367,8.467039108276367,71.69075775146484,27.87088966369629,0.6195868849754333,2.33546781539917,3.031412601470948,11.77162742614746,16.195384979248047,27.96685791015625,2.6861886978149414,3.7803597450256334,0.2644354701042175,0.7028051018714905,0.9960188269615172,1.89889657497406,3.5294644832611084,3.726087808609009,7.183270454406738,4.673247337341309,8.870589256286621,5.336033821105957,9.889793395996094,0.7140802513898961,0.3779875371388005,1.0,0.5486080635005438,0.9716404709784626,0.8543763526413011,0.1737490935460478
iTransformer,beijing_aotizhongxin,full,4,0.0,0.0,off,default,huber,0.5,,,1611032,128.5,1.77,0.1813147245852124,10,96,24,256,2,0.0005,4.255502700805664,8.319968223571777,69.22187805175781,27.25612449645996,0.6194320917129517,2.021501064300537,2.6688992977142334,11.565230369567873,15.946943283081056,28.0672664642334,2.712003231048584,3.799563646316528,0.2670831084251404,0.7232778072357178,1.0113378763198853,1.858518123626709,3.602285385131836,3.705254554748535,7.217811584472656,4.530257701873779,8.64078140258789,5.215413093566895,9.864577293395996,0.7048344210780759,0.3705345636373009,1.0,0.5407153872193177,0.973960365026704,0.8727107943819673,0.1737490935460478
PatchTST,jena,full,1,0.0,0.0,off,default,huber,0.5,,,1657880,1371.5,10.06,0.1623378200944252,20,96,24,256,2,0.0005,3.312558889389038,5.553181171417236,30.83782196044922,23.10514259338379,0.6390789747238159,2.304609537124634,2.973604679107666,7.721983909606934,10.08737087249756,11.444982528686523,2.316126585006714,3.3305649757385254,0.2338875085115432,0.9075182676315308,1.288894772529602,1.3893437385559082,2.346768856048584,2.822468042373657,4.928827285766602,3.5214264392852783,5.835920333862305,4.126992225646973,6.441514492034912,0.6834795321637427,0.1855980879688523,0.9991698833686132,0.3130469837058999,0.9702047989994296,0.7146698630504128,0.0721796807592752
PatchTST,jena,full,3,0.0,0.0,off,default,huber,0.5,,,1657880,1376.2,9.93,0.1610185283890279,20,96,24,256,2,0.0005,3.282186985015869,5.561450481414795,30.92972946166992,22.92319869995117,0.6393672823905945,2.2673938274383545,2.958008050918579,7.612446308135986,10.085004806518556,11.100589752197266,2.3517277240753174,3.408285140991211,0.2375613451004028,0.8971779346466064,1.2827526330947876,1.2320858240127563,2.090223550796509,2.749272108078003,4.852850437164307,3.492154598236084,5.8637776374816895,4.163790225982666,6.486515522003174,0.6761665947656025,0.1821841515830256,0.9992944008633212,0.308182661845179,0.9697112901201356,0.7075162309604218,0.0721796807592752
Autoformer,jena,full,0,0.0,0.0,on,default,huber,0.5,,,2677305,1526.7,14.21,0.1981587840502777,16,96,24,256,2,0.0005,3.793984651565552,6.0794219970703125,36.95936965942383,25.199419021606445,0.5732779502868652,2.8902149200439453,3.666692018508911,8.161218643188477,10.654733657836914,11.772216796875,3.186331272125244,4.375121116638184,0.3218834102153778,0.9381743669509888,1.3144580125808716,2.7956864833831787,4.331087112426758,3.3828680515289307,5.489068031311035,3.818262100219727,6.165999889373779,4.553295135498047,7.075913429260254,0.7346611063177069,0.2133399727900835,0.9958079110114972,0.3513972699045052,0.9640298239530286,0.6670139472092357,0.0721796807592752
Autoformer,jena,full,1,0.0,0.0,on,default,huber,0.5,,,2677305,1044.3,12.53,0.2061538736595482,11,96,24,256,2,0.0005,3.905186891555786,6.227251529693604,38.77865982055664,25.255733489990234,0.5461539030075073,2.729079484939575,3.494488000869751,8.364212989807129,10.765230178833008,12.109904289245604,3.566259384155273,5.022097587585449,0.3600393235683441,0.961197018623352,1.3384857177734375,2.918825387954712,4.627979278564453,3.5210509300231934,5.683850288391113,3.9263741970062256,6.295192241668701,4.641682624816895,7.165553092956543,0.703551912568306,0.1956134572690234,0.998381272568796,0.3271317829457364,0.9612457014818152,0.6157390832812699,0.0721796807592752
Autoformer,jena,full,3,0.0,0.0,on,default,huber,0.5,,,2677305,1442.1,14.17,0.1972827507469662,15,96,24,256,2,0.0005,3.793014526367188,6.130433559417725,37.582218170166016,25.104591369628903,0.5680018067359924,2.59124493598938,3.3509058952331543,8.35204029083252,10.84254264831543,12.28673267364502,3.2680227756500244,4.443496227264404,0.3302502036094665,0.960750699043274,1.3397738933563232,2.689542531967163,4.289385795593262,3.359859228134156,5.515388011932373,3.8310937881469727,6.223830699920654,4.5745530128479,7.153880596160889,0.6907984613172274,0.1890729882256771,0.9984227784003652,0.3179376020195745,0.9622550375087168,0.6437152485568907,0.0721796807592752
TimesNet,jena,full,0,0.0,0.0,off,default,huber,0.5,,,1186507,979.0,7.91,0.1605097682946361,11,96,24,256,2,0.0005,3.321678876876831,5.538586139678955,30.675933837890625,22.81361961364746,0.6450372338294983,2.310784339904785,2.995968103408813,7.530519962310791,9.971027374267578,10.85056209564209,2.564642906188965,3.56862211227417,0.2589744627475738,0.8807686567306519,1.253566861152649,1.9507538080215447,3.2295937538146973,2.8442296981811523,4.88963794708252,3.4309234619140625,5.707230567932129,4.102205753326416,6.459315299987793,0.6967902166618732,0.192176273351429,0.999128377537044,0.3223504047458035,0.9754165976918132,0.7499232488144413,0.0721796807592752
TimesNet,jena,full,2,0.0,0.0,off,default,huber,0.5,,,1186507,1716.5,17.51,0.1579108327242384,13,96,24,256,2,0.0005,3.314812183380127,5.459352493286133,29.804527282714844,22.79460334777832,0.6515400409698486,2.4208524227142334,3.0875673294067383,7.467482089996338,9.785601615905762,10.980198860168455,2.496480226516724,3.5198862552642822,0.2522101998329162,0.8744322061538696,1.2399410009384155,1.877439260482788,3.091306447982788,2.8146371841430664,4.782023906707764,3.4342598915100098,5.628572940826416,4.132572174072266,6.437428951263428,0.714462899050906,0.2014688251913581,0.9974266384427012,0.3352258460508328,0.9742626641013684,0.7657910806030707,0.0721796807592752
TimesNet,jena,full,4,0.0,0.0,off,default,huber,0.5,,,1186507,1767.4,18.59,0.1589844837086511,13,96,24,256,2,0.0005,3.316135883331299,5.51375150680542,30.401456832885746,22.753995895385746,0.6487427353858948,2.3713841438293457,3.029686212539673,7.57725715637207,9.942200660705566,11.28888702392578,2.440342664718628,3.4669151306152344,0.2465344220399856,0.8755603432655334,1.2489969730377195,1.8475552797317505,3.036184549331665,2.8077211380004883,4.813495635986328,3.432555913925171,5.683712005615234,4.143189430236816,6.4773945808410645,0.7079109145815358,0.1979905534618106,0.9986718133897812,0.3304651178761013,0.976151011979898,0.766781528087066,0.0721796807592752
TFT,jena,full,1,0.0,0.0,off,default,huber,0.5,,,3640676,1022.8,13.22,0.1676455959029161,9,96,24,256,2,0.0005,3.4180774688720703,5.5732102394104,31.0606746673584,23.855588912963867,0.6277363896369934,2.6237785816192627,3.329833030700684,7.540348529815674,9.89696979522705,10.996947288513184,2.6227829456329346,3.6833574771881104,0.2651183307170868,0.8854007720947266,1.27975594997406,1.9281343221664429,3.0874054431915283,2.8808913230896,4.825658798217773,3.557789802551269,5.739497661590576,4.220091819763184,6.5343403816223145,0.7186810948135366,0.2037598132824103,0.9964720043166064,0.3383362223255682,0.9662697238755812,0.6848515883834883,0.0721796807592752
TFT,jena,full,3,0.0,0.0,off,default,huber,0.5,,,3640676,1154.7,13.08,0.1617466846234252,10,96,24,256,2,0.0005,3.361598253250122,5.51451301574707,30.409854888916016,23.20677947998047,0.6413654685020447,2.69462251663208,3.4029757976531982,7.418272495269775,9.815156936645508,10.631763458251951,2.468726634979248,3.487287998199463,0.2494761198759079,0.8647753596305847,1.2492773532867432,1.8780755996704104,2.9808497428894043,2.8264784812927246,4.74287748336792,3.47076678276062,5.6401567459106445,4.228311061859131,6.59710168838501,0.7368451011408302,0.2148289313578126,0.9965965218113144,0.3534642023833182,0.9716433367979932,0.733235646898733,0.0721796807592752
Crossformer,jena,full,0,0.0,0.0,off,default,huber,0.5,,,1695908,1473.5,5.49,0.1493429106129334,17,96,24,256,2,0.0005,3.077678203582764,5.185092449188232,26.885183334350582,22.546178817749023,0.6866424679756165,2.443434953689575,3.06716537475586,6.98089075088501,9.360347747802734,10.036368370056152,2.044027090072632,3.0182251930236816,0.2064250856637954,0.8423588871955872,1.1863521337509155,1.5049039125442505,2.4069998264312744,2.5934059619903564,4.497211933135986,3.1607697010040283,5.30206823348999,3.878451347351074,6.084843635559082,0.7505092992042949,0.2241538418516205,0.9980907317478106,0.3660901866455561,0.9784416221543096,0.789418495467352,0.0721796807592752
Crossformer,jena,full,2,0.0,0.0,off,default,huber,0.5,,,1695908,901.0,5.56,0.1511141896100862,12,96,24,256,2,0.0005,3.120561122894287,5.214541912078857,27.19144630432129,22.55665397644043,0.6732195615768433,2.493360757827759,3.13866662979126,7.045107364654541,9.376017570495604,10.419632911682127,2.110309839248657,3.083865165710449,0.2131241559982299,0.8334625959396362,1.2225487232208252,1.5017427206039429,2.3485021591186523,2.662414312362671,4.539404392242432,3.243308782577514,5.390411853790283,3.926061153411865,6.18815279006958,0.7503235547886109,0.2238185360942001,0.9964304984850372,0.365531312331562,0.9778742327902864,0.7677008246822415,0.0721796807592752
Crossformer,jena,full,4,0.0,0.0,off,default,huber,0.5,,,1695908,1300.5,5.8,0.1493584321471044,17,96,24,256,2,0.0005,3.120577335357666,5.132298469543457,26.34048843383789,22.527889251708984,0.6838641166687012,2.4807064533233643,3.0602025985717773,6.913524150848389,9.180100440979004,10.356417655944824,2.2439756393432617,3.2093989849090576,0.2264628708362579,0.8441007137298584,1.192723035812378,1.5119136571884155,2.219773292541504,2.6249337196350098,4.392203330993652,3.212236166000366,5.257425308227539,3.91637659072876,6.108498573303223,0.7532714984181766,0.2261742506133268,0.9987133192213506,0.3688228080931943,0.9808486863816286,0.8087749865015218,0.0721796807592752
Crossformer,beijing_aotizhongxin,full,1,0.0,0.0,off,default,huber,0.5,,,1694628,564.5,3.1,0.1740488731600663,15,96,24,256,2,0.0005,4.465867042541504,8.507280349731445,72.37382507324219,27.854019165039062,0.645550549030304,3.2874536514282227,4.079540252685547,11.77023696899414,16.203582763671875,30.566898345947266,2.157562732696533,3.071099042892456,0.2125738859176635,0.6482170820236206,0.9300285577774048,2.25564956665039,3.812669277191162,3.8635427951812735,7.145850658416748,4.599758148193359,8.584611892700195,5.532478332519531,10.189984321594238,0.7619289340101523,0.4218754587357975,0.999547857540345,0.5933274149926709,0.9781182305971192,0.8963065619475654,0.1737490935460478
Crossformer,beijing_aotizhongxin,full,3,0.0,0.0,off,default,huber,0.5,,,1694628,511.2,3.04,0.1696961279073084,15,96,24,256,2,0.0005,4.170514583587647,7.89301061630249,62.29961395263672,27.73973274230957,0.6612675189971924,3.190911293029785,4.032495498657227,10.730003356933594,14.930727005004885,26.84717559814453,2.1097145080566406,3.0218968391418457,0.2077573835849762,0.6514312028884888,0.9375015497207642,2.2936723232269287,3.772810220718384,3.4468002319335938,6.4978346824646,4.346334934234619,8.069999694824219,5.293428897857666,9.735318183898926,0.7493352671017646,0.4093860348559061,1.0,0.5809423745251758,0.977628103204435,0.8936535921114807,0.1737490935460478
XAI-MeteoFormer,jena,no_revin,0,0.0,0.01,off,default,huber,0.5,,,1892475,736.2,6.79,0.1456036612469296,17,96,24,256,2,0.0005,3.032679319381714,5.230788230895996,27.361146926879883,21.40411949157715,0.6820467710494995,1.928860068321228,2.5320045948028564,7.080267906188965,9.527629852294922,10.190427780151367,2.269925832748413,3.284875869750977,0.2294609099626541,0.8516591191291809,1.2113547325134275,1.2562735080718994,2.094587564468384,2.51450514793396,4.496339797973633,3.2255091667175293,5.539992332458496,3.868741750717163,6.106163024902344,0.9496902262486818,0.6098471168893704,0.8410741709210144,0.707035815844106,0.9790050248281214,0.7866448186163703,0.0721796807592752
XAI-MeteoFormer,jena,no_revin,2,0.0,0.01,off,default,huber,0.5,,,1892475,836.2,6.91,0.1413973746909106,19,96,24,256,2,0.0005,2.970864534378052,5.1564226150512695,26.588695526123047,21.356016159057617,0.6877526044845581,1.841521382331848,2.4288246631622314,7.036743640899658,9.443760871887209,10.338958740234377,2.161144971847534,3.1291003227233887,0.2182556539773941,0.8440489172935486,1.2164310216903689,1.1765284538269043,2.076012372970581,2.452634572982788,4.463188648223877,3.136369466781616,5.347118377685547,3.849313974380493,6.156058311462402,0.947578132489694,0.5979853207737794,0.8352633545013074,0.6969833408374606,0.9779351357922484,0.7945551292356444,0.0721796807592752
XAI-MeteoFormer,jena,no_revin,4,0.0,0.01,off,default,huber,0.5,,,1892475,881.2,6.83,0.1456650341015828,20,96,24,256,2,0.0005,3.023729085922241,5.251742839813232,27.58080101013184,21.285871505737305,0.680141806602478,1.8894333839416504,2.4830069541931152,7.051610946655273,9.58260440826416,10.119505882263184,2.304537773132324,3.2939248085021973,0.2326388210058212,0.8493324518203735,1.2172176837921145,1.055387020111084,1.835374355316162,2.463592052459717,4.418496131896973,3.2510287761688232,5.670437812805176,3.90574049949646,6.137115001678467,0.9571978956955228,0.6794524558963473,0.770514257253144,0.7221238938053097,0.9793071316342,0.7921376617421632,0.0721796807592752
TFT,beijing_aotizhongxin,full,2,0.0,0.0,off,default,huber,0.5,,,3540960,554.7,6.26,0.191269280664471,11,96,24,256,2,0.0005,4.585562229156494,8.390935897827148,70.40779876708984,28.41731834411621,0.6308159232139587,3.175053358078003,4.011919498443604,11.963614463806152,15.886402130126951,26.95761680603028,2.5250773429870605,3.4969482421875,0.2487627565860748,0.6785039901733398,0.9640085697174072,2.911052227020264,5.160824298858643,3.98454213142395,7.246279716491699,4.806626319885254,8.74875259399414,5.422569751739502,9.678728103637695,0.7342216582064298,0.3953088694265326,1.0,0.5666256096960142,0.9702160410137776,0.8507706870433295,0.1737490935460478
TFT,beijing_aotizhongxin,full,4,0.0,0.0,off,default,huber,0.5,,,3540960,758.0,6.43,0.192857769472183,15,96,24,256,2,0.0005,4.801320552825928,8.810022354125977,77.61648559570312,29.83231544494629,0.5906643867492676,3.420997142791748,4.2568039894104,12.539626121520996,16.697540283203125,30.028947830200195,2.5156326293945312,3.535130739212036,0.2477976679801941,0.7290231585502625,1.020085334777832,2.8207480907440186,4.77079963684082,4.015816688537598,7.248894691467285,4.987936019897461,9.034546852111816,5.9466729164123535,10.622840881347656,0.7447909112883733,0.4050490251324242,1.0,0.5765621240073795,0.9685303187981325,0.8512427794709484,0.1737490935460478
Informer,jena,full,1,0.0,0.0,off,default,huber,0.5,,,2867475,544.8,6.05,0.1697866534496727,12,96,24,256,2,0.0005,3.45173454284668,5.640242576599121,31.81233787536621,23.986888885498047,0.6408826112747192,2.892287015914917,3.6634249687194815,7.448148250579834,9.961042404174805,10.666548728942873,2.607193946838379,3.627446174621582,0.2633637189865112,0.8593072295188904,1.2032978534698486,2.0487635135650635,3.1136391162872314,2.988180637359619,4.988334655761719,3.5906357765197754,5.845402717590332,4.29044246673584,6.778002738952637,0.7500599175534465,0.2237637221948062,0.9974681442742706,0.3655279408633224,0.9744107451773774,0.7417317184475671,0.0721796807592752
Informer,jena,full,3,0.0,0.0,off,default,huber,0.5,,,2867475,451.3,6.09,0.1709133894241515,10,96,24,256,2,0.0005,3.550623893737793,5.823916435241699,33.91800308227539,23.84140968322754,0.6295933723449707,2.915748357772827,3.636308670043945,7.799937725067139,10.382037162780762,11.270512580871582,2.6207833290100098,3.63056230545044,0.2645944356918335,0.8660209774971008,1.2172095775604248,2.230334043502808,3.5453059673309326,3.264811515808105,5.482405662536621,3.845710039138794,6.313504695892334,4.262170791625977,6.721686363220215,0.7703000671076599,0.2390076343456204,0.999252895031752,0.3857493070131867,0.9770087257897644,0.7424366358107048,0.0721796807592752
TimesNet,beijing_aotizhongxin,full,0,0.0,0.0,off,default,huber,0.5,,,1186378,481.8,4.36,0.1818721448254155,11,96,24,256,2,0.0005,4.427279949188232,8.241740226745605,67.92627716064453,27.67206764221192,0.6340956687927246,2.934009313583374,3.726567506790161,11.537307739257812,15.612006187438965,27.76111602783203,2.555726766586304,3.625407695770264,0.2516739666461944,0.6820794939994812,0.9692612290382384,2.857645034790039,4.975660800933838,3.849391222000122,7.141676902770996,4.5688300132751465,8.483474731445312,5.342795848846436,9.709305763244627,0.7372250423011845,0.3980286837587906,1.0,0.569414187824296,0.9730263619813015,0.8676408133887549,0.1737490935460478
TimesNet,beijing_aotizhongxin,full,2,0.0,0.0,off,default,huber,0.5,,,1186378,605.7,9.64,0.1834571652525746,10,96,24,256,2,0.0005,4.4653730392456055,8.351211547851562,69.74272918701172,27.526241302490234,0.6251118779182434,2.8044192790985107,3.59241247177124,11.725367546081545,15.86683750152588,28.11777877807617,2.6482505798339844,3.652311563491821,0.2609176933765411,0.6834561824798584,0.984659731388092,2.8794162273406982,5.129619598388672,3.8838067054748535,7.2429585456848145,4.586241245269775,8.5341796875,5.401437282562256,9.840737342834473,0.7163826444283297,0.3798903349408734,1.0,0.5506094583337323,0.9713214443714612,0.8516992676538734,0.1737490935460478
TimesNet,beijing_aotizhongxin,full,4,0.0,0.0,off,default,huber,0.5,,,1186378,639.1,7.48,0.1779623040811199,10,96,24,256,2,0.0005,4.469119548797607,8.337660789489746,69.51659393310547,27.34503746032715,0.627785325050354,2.7881290912628174,3.6203322410583496,11.78917121887207,15.83031177520752,28.202831268310547,2.617713689804077,3.661030530929565,0.2578653991222381,0.6814637780189514,0.978591799736023,2.8039493560791016,5.088688373565674,3.813844680786133,7.143810272216797,4.599101066589356,8.536568641662598,5.4338860511779785,9.816471099853516,0.7176516799613246,0.380947333554157,1.0,0.5517188444452973,0.9721514187130385,0.8610751248666504,0.1737490935460478
Autoformer,beijing_aotizhongxin,full,1,0.0,0.0,on,default,huber,0.5,,,2674742,460.7,6.75,0.2329982709032897,10,96,24,256,2,0.0005,5.494094371795654,9.550315856933594,91.20852661132812,30.972654342651367,0.5462449193000793,3.643154859542847,4.54102087020874,13.941896438598633,17.894573211669922,33.58765411376953,3.6703531742095934,4.791446208953857,0.3618127405643463,0.7209780216217041,1.0195817947387695,4.424861431121826,7.322734832763672,5.0223069190979,8.637821197509766,5.599795341491699,9.768733024597168,6.233460426330566,10.805301666259766,0.7338832487309644,0.3949210102982222,0.9989913745130774,0.5660652523082684,0.9626728512928944,0.8160696314275822,0.1737490935460478
Autoformer,beijing_aotizhongxin,full,3,0.0,0.0,on,default,huber,0.5,,,2674742,418.5,6.99,0.2307467917478081,9,96,24,256,2,0.0005,5.272374629974365,9.288936614990234,86.28433990478516,29.97317695617676,0.5530239343643188,3.0241219997406006,3.881014823913574,13.474675178527832,17.40800666809082,32.34061050415039,3.87178897857666,5.097124099731445,0.3818155825138092,0.7189109325408936,1.027463674545288,4.222937107086182,7.128320217132568,4.722335338592529,8.256730079650879,5.371036052703857,9.414690971374512,6.132615566253662,10.816990852355955,0.7178329707517525,0.3810893569639046,0.9998956594323872,0.5518518873991036,0.962921488513262,0.8249392111969646,0.1737490935460478
PatchTST,beijing_aotizhongxin,full,0,0.0,0.0,off,default,huber,0.5,,,1657880,729.5,4.97,0.1781685242777487,23,96,24,256,2,0.0005,4.346800804138184,8.20593547821045,67.33737182617188,27.531782150268555,0.6319258213043213,2.258131742477417,2.9301040172576904,11.927825927734377,15.7373685836792,28.953752517700195,2.495009660720825,3.4796831607818604,0.2457527220249176,0.7062339782714844,0.995475172996521,1.9855709075927728,3.5632894039154053,3.709776163101196,7.0699615478515625,4.646730422973633,8.645796775817871,5.282482147216797,9.553533554077148,0.7088469905728789,0.3737326470129465,1.0,0.5441126376745771,0.9686736147395164,0.8342996726332526,0.1737490935460478
PatchTST,beijing_aotizhongxin,full,2,0.0,0.0,off,default,huber,0.5,,,1657880,795.8,4.98,0.1761848258653643,25,96,24,256,2,0.0005,4.318450450897217,8.274492263793945,68.46722412109375,27.455183029174805,0.6347367763519287,2.315018653869629,3.0055034160614014,11.901787757873535,15.893861770629885,28.718719482421875,2.3598639965057373,3.3537721633911133,0.2324416935443878,0.6971290707588196,0.986532747745514,1.7989754676818848,3.335888385772705,3.701452016830444,7.110192775726318,4.637186527252197,8.69744873046875,5.308444976806641,9.739947319030762,0.7098259608411893,0.3745212973817897,1.0,0.5449479729345539,0.96863186823572,0.8255985123561582,0.1737490935460478
PatchTST,beijing_aotizhongxin,full,4,0.0,0.0,off,default,huber,0.5,,,1657880,794.7,5.04,0.1769524583087616,25,96,24,256,2,0.0005,4.345052719116211,8.278850555419922,68.53936004638672,27.59687232971192,0.6301575899124146,2.3956048488616943,3.0900259017944336,11.918989181518556,15.879411697387695,28.837081909179688,2.369795560836792,3.385919570922852,0.2334250807762146,0.6958221197128296,0.9944828152656556,1.9346275329589844,3.422041177749634,3.687098979949951,7.067974090576172,4.643861770629883,8.755324363708496,5.319241523742676,9.669821739196776,0.7098863911046652,0.3745700885878061,1.0,0.5449996208962014,0.9678524921402591,0.8216950803729528,0.1737490935460478
XAI-MeteoFormer,beijing_aotizhongxin,no_revin,1,0.0,0.01,off,default,huber,0.5,,,1892219,405.9,3.66,0.1595323404441866,19,96,24,256,2,0.0005,4.271229267120361,8.353373527526855,69.77884674072266,27.060192108154297,0.6531903743743896,2.2080538272857666,2.903287887573242,11.890707015991213,16.112213134765625,27.88117218017578,2.323596715927124,3.192584276199341,0.2289130985736847,0.6625592708587646,0.9435428380966188,1.9218899011611936,3.492955446243286,3.65679669380188,7.176064491271973,4.574512958526611,8.982644081115723,5.174062728881836,9.486027717590332,0.8860768672951415,0.6067592632532459,0.978471062882582,0.7490348518331159,0.9771623112350052,0.8925474099534696,0.1737490935460478
XAI-MeteoFormer,beijing_aotizhongxin,no_revin,3,0.0,0.01,off,default,huber,0.5,,,1892219,303.6,3.77,0.1621498370772447,14,96,24,256,2,0.0005,4.300019264221191,8.350672721862793,69.7337417602539,26.608821868896484,0.6495788097381592,2.1007609367370605,2.7374541759490967,11.86650276184082,16.090816497802734,28.918331146240234,2.571180582046509,3.4096474647521973,0.2536413371562958,0.6616332530975342,0.9493207931518556,2.182077169418335,3.757612943649292,3.7534916400909424,7.147989749908447,4.466443538665772,8.655410766601562,5.358378410339356,9.896553993225098,0.8896603819192652,0.6152140018007335,0.9743670005564832,0.7542166404178277,0.9746982483574618,0.8736334929245935,0.1737490935460478
Transformer,jena,full,0,0.0,0.0,off,default,huber,0.5,,,2670099,405.9,5.62,0.1686893880030041,10,96,24,256,2,0.0005,3.461602210998535,5.591856956481934,31.268861770629883,23.86605834960937,0.6367957592010498,2.950539350509644,3.607167482376098,7.403311252593994,9.87013339996338,10.75236988067627,2.614372968673706,3.623706579208374,0.2641817629337311,0.8781862258911133,1.2300364971160889,2.175401449203491,3.215847969055176,3.0627481937408447,5.003785133361816,3.5329222679138184,5.724954128265381,4.126578330993652,6.383942127227783,0.7832122998753714,0.2491137977275798,0.9946457477275558,0.3984371103167345,0.9778168879498788,0.767087715507441,0.0721796807592752
Transformer,jena,full,2,0.0,0.0,off,default,huber,0.5,,,2670099,369.8,5.31,0.167773326446248,9,96,24,256,2,0.0005,3.541212797164917,5.792163848876953,33.549163818359375,23.70594024658203,0.6319015026092529,2.9824981689453125,3.675106048583984,7.772702217102051,10.32362174987793,11.262697219848633,2.558013439178467,3.554373979568481,0.2583181858062744,0.8516411185264587,1.216358304023743,2.3620588779449463,3.566137313842773,3.1316699981689453,5.177633762359619,3.696129560470581,6.0668721199035645,4.184701442718506,6.591739654541016,0.7713336449046112,0.2396475068285583,0.9978001909268251,0.3864734299516908,0.9772408417709114,0.7619623637566962,0.0721796807592752
Transformer,jena,full,4,0.0,0.0,off,default,huber,0.5,,,2670099,396.3,5.49,0.1667443913691763,10,96,24,256,2,0.0005,3.4535467624664307,5.680792808532715,32.27140808105469,23.34154319763184,0.6364678144454956,2.7186200618743896,3.4969515800476074,7.670182228088379,10.13047695159912,11.197772026062012,2.573390483856201,3.5662734508514404,0.2599871456623077,0.8519975543022156,1.2296667098999023,2.160249710083008,3.3137786388397217,3.035689353942871,5.108644008636475,3.568161964416504,5.85930871963501,4.15327262878418,6.546061038970947,0.7494577461413096,0.2232325486258321,0.9965550159797452,0.3647578029457117,0.9764279150020284,0.7638011560298759,0.0721796807592752
Informer,beijing_aotizhongxin,full,1,0.0,0.0,off,default,huber,0.5,,,2865682,269.4,3.59,0.1971668683175038,11,96,24,256,2,0.0005,4.846539497375488,8.7296724319458,76.2071762084961,29.92743492126465,0.6102086305618286,3.801257371902466,4.688255310058594,12.278539657592772,16.415754318237305,28.415063858032227,2.6122424602508545,3.5255391597747803,0.257441908121109,0.6941151022911072,0.9708510637283324,3.13984489440918,5.128267288208008,4.199847221374512,7.538445472717285,5.08280611038208,9.092345237731934,5.742022037506104,10.246638298034668,0.7736886632825719,0.4342971960357747,0.9998260990539788,0.605556959892147,0.9720857056297826,0.8688225514247591,0.1737490935460478
Informer,beijing_aotizhongxin,full,3,0.0,0.0,off,default,huber,0.5,,,2865682,212.7,3.3,0.1950591514516728,10,96,24,256,2,0.0005,4.78084135055542,8.655359268188477,74.91524505615234,29.219371795654297,0.6177905201911926,3.49322247505188,4.403217792510986,11.963333129882812,16.256628036499023,29.75234031677246,2.9923431873321533,3.88358736038208,0.2951616942882538,0.6744665503501892,0.9552156329154968,3.331723690032959,5.540097713470459,4.144325256347656,7.50809907913208,4.926497936248779,8.946380615234375,5.54234504699707,9.886043548583984,0.7518552090887116,0.4118312683520733,1.0,0.5834001237736768,0.9695296626489333,0.8546078943328191,0.1737490935460478
Transformer,beijing_aotizhongxin,full,0,0.0,0.0,on,default,huber,0.5,,,2668342,149.2,3.01,0.2044088762305217,8,96,24,256,2,0.0005,4.905593395233154,9.075883865356444,82.37167358398438,29.43478202819824,0.5915930867195129,3.097819328308105,3.957154750823975,12.999560356140137,17.256004333496094,32.53513717651367,2.8141887187957764,3.881490230560303,0.2772792279720306,0.7108010649681091,0.9960033893585204,3.254255771636963,5.646209239959717,4.457152366638184,8.25615406036377,5.088546752929688,9.487139701843262,5.702666759490967,10.15051555633545,0.7255620014503263,0.387670900412588,1.0,0.558736081151985,0.9680911395444194,0.8414049395470675,0.1737490935460478
Transformer,beijing_aotizhongxin,full,2,0.0,0.0,on,default,huber,0.5,,,2668342,168.5,2.99,0.2021911137217366,9,96,24,256,2,0.0005,4.921138286590576,8.889297485351562,79.01960754394531,29.79201889038086,0.5952141880989075,3.578031301498413,4.4712233543396,12.655840873718262,16.75010108947754,30.728185653686523,2.748479127883911,3.812857866287232,0.2706352472305298,0.7022039890289307,0.9913792014122008,3.022095203399658,5.181826591491699,4.435819149017334,7.98223066329956,5.094419479370117,9.134334564208984,5.723725318908691,10.07052993774414,0.7503807106598985,0.4103790420444,0.9997565386755703,0.5819002601293561,0.969728152630114,0.8473708820306269,0.1737490935460478
Transformer,beijing_aotizhongxin,full,4,0.0,0.0,on,default,huber,0.5,,,2668342,149.5,3.0,0.1988948476254711,8,96,24,256,2,0.0005,4.821741104125977,8.712613105773926,75.90962219238281,29.56461906433105,0.6027109026908875,3.0779025554656982,3.915187120437622,12.667035102844238,16.501380920410156,30.01301002502441,2.833332061767578,3.875378370285034,0.2791091203689575,0.7086895704269409,0.997810423374176,3.0626251697540283,5.251053810119629,4.3603291511535645,7.844564914703369,4.95343828201294,8.950925827026367,5.62732458114624,9.870049476623535,0.7337321730722746,0.394869118576098,1.0,0.5661737195518185,0.9689486974240186,0.8459633400794441,0.1737490935460478
LSTM,jena,full,1,0.0,0.0,on,default,huber,0.5,,,834694,225.6,2.6,0.1614721401138037,11,96,24,256,2,0.0005,3.293227195739746,5.501227855682373,30.26350784301757,23.085100173950195,0.6448249220848083,2.4159069061279297,3.114320993423462,7.48187255859375,9.893702507019045,10.768630981445312,2.410658597946167,3.446793556213379,0.2435290068387985,0.8644722104072571,1.2606699466705322,1.5873985290527344,2.595144271850586,2.784411191940308,4.785435199737549,3.4657022953033447,5.712177276611328,4.101478576660156,6.473004817962647,0.6990910507142173,0.1932977680651744,0.9985888017266424,0.3238982491804603,0.970906037798393,0.7093691755171369,0.0721796807592752
LSTM,jena,full,3,0.0,0.0,on,default,huber,0.5,,,834694,210.5,2.64,0.1596212226583479,10,96,24,256,2,0.0005,3.3118038177490234,5.514344215393066,30.40799331665039,22.96902275085449,0.6443625688552856,2.4435534477233887,3.122649669647217,7.542482376098633,9.928662300109863,10.846819877624512,2.381911039352417,3.4221854209899902,0.2406666278839111,0.8792683482170105,1.2614657878875732,1.7475506067276,2.869420528411865,2.81860876083374,4.867997169494629,3.444236516952514,5.67853307723999,4.124878883361816,6.483717918395996,0.7045555315885341,0.1960982611816135,0.9979662142531026,0.3277870556559081,0.972167017177175,0.7253271670161664,0.0721796807592752
iTransformer,jena,full,0,0.0,0.0,off,default,huber,0.5,,,1611032,337.0,2.23,0.1661973683917174,16,96,24,256,2,0.0005,3.3020272254943848,5.54384708404541,30.73423957824707,23.37426948547364,0.6248365640640259,2.439453601837158,3.151184797286988,7.431909561157227,9.97604751586914,10.80980110168457,2.401839017868042,3.4261162281036377,0.2427053451538086,0.9349067807197572,1.3218159675598145,1.334541082382202,2.1956605911254883,2.740412473678589,4.760114192962647,3.516805648803711,5.806297302246094,4.199106216430664,6.58366584777832,0.7025303182820439,0.1950823926300765,0.9984642842319346,0.3263932702418506,0.9699040561139576,0.7117432141095735,0.0721796807592752
iTransformer,jena,full,2,0.0,0.0,off,default,huber,0.5,,,1611032,293.8,2.24,0.1638361109512803,14,96,24,256,2,0.0005,3.2691986560821533,5.558867931365967,30.901010513305664,23.12677383422852,0.6330553293228149,2.300081729888916,3.0151360034942627,7.50351619720459,10.07440185546875,10.715198516845703,2.359880208969116,3.364363193511963,0.2384156286716461,0.9133154153823853,1.3040196895599363,1.3697668313980105,2.410216808319092,2.7539665699005127,4.88745641708374,3.463066339492798,5.7745232582092285,4.1409525871276855,6.543888568878174,0.688743289234014,0.1881808661946515,0.9994604241895988,0.3167274999177929,0.9698040036184532,0.7133046725521115,0.0721796807592752
iTransformer,jena,full,4,0.0,0.0,off,default,huber,0.5,,,1611032,351.0,2.26,0.1662673479110655,16,96,24,256,2,0.0005,3.287942886352539,5.519435405731201,30.46416664123535,23.356632232666016,0.628645658493042,2.429056167602539,3.124772310256958,7.419635772705078,9.938446998596191,10.685357093811035,2.375317096710205,3.4043071269989014,0.2399208694696426,0.927762806415558,1.3154586553573608,1.3765819072723389,2.251415252685547,2.750457763671875,4.788138389587402,3.480120658874512,5.767673492431641,4.174199104309082,6.556183815002441,0.6953971335442432,0.1914802236520826,0.999252895031752,0.3213770824434002,0.9703899685438212,0.7202009259328588,0.0721796807592752
DLinear,jena,full,1,0.0,0.0,off,default,huber,0.5,,,4656,225.1,2.13,0.173568000419512,16,96,24,256,2,0.0005,3.41990327835083,5.741542816162109,32.96531295776367,23.141258239746094,0.6164566278457642,2.13028883934021,2.8044748306274414,7.649148941040039,10.270808219909668,11.249903678894045,2.972676038742065,4.102413654327393,0.3002838492393493,0.9274985194206238,1.2949453592300415,1.0411609411239624,1.8193871974945068,2.9868476390838623,5.106631755828857,3.744050264358521,6.159246921539307,4.1997151374816895,6.593822956085205,0.658254242162784,0.1742039669493305,0.9984642842319346,0.2966507177033493,0.9643694498334552,0.6895856296500924,0.0721796807592752
DLinear,jena,full,3,0.0,0.0,off,default,huber,0.5,,,4656,216.3,2.02,0.1727319809548847,16,96,24,256,2,0.0005,3.4124372005462646,5.736674785614014,32.9094352722168,23.09430503845215,0.6178396940231323,2.139258861541748,2.81602144241333,7.660727977752685,10.281984329223633,11.302867889404297,2.9213998317718506,4.038718700408936,0.2951120138168335,0.9283589124679564,1.2951185703277588,1.0388836860656738,1.8221831321716309,2.965843915939331,5.098605632781982,3.745912551879883,6.143167495727539,4.19868803024292,6.589575290679932,0.6620350397852555,0.1757016588318724,0.99750965010584,0.2987766975807454,0.9645440124392176,0.69406077768441,0.0721796807592752
DLinear,beijing_aotizhongxin,full,0,0.0,0.0,off,default,huber,0.5,,,4656,110.4,1.4,0.1825754435181371,16,96,24,256,2,0.0005,4.373193740844727,8.383946418762207,70.2905502319336,27.775270462036133,0.6206340789794922,2.0393309593200684,2.6546571254730225,11.891451835632324,16.05972671508789,29.41661834716797,2.8386669158935547,3.8983099460601807,0.2796242833137512,0.7233284711837769,1.0016818046569824,1.6002678871154783,3.086813449859619,3.805630207061768,7.295566082000732,4.766721248626709,8.969757080078125,5.308990478515625,9.684687614440918,0.6990572878897752,0.3660250534677666,1.0,0.5358980093938717,0.9713235476714028,0.8634801798089318,0.1737490935460478
DLinear,beijing_aotizhongxin,full,2,0.0,0.0,off,default,huber,0.5,,,4656,180.0,1.66,0.1823871722607124,25,96,24,256,2,0.0005,4.355823040008545,8.383193016052246,70.27792358398438,27.78466033935547,0.6208405494689941,2.01786732673645,2.6354517936706543,11.864891052246094,16.06473731994629,29.441505432128903,2.81752872467041,3.8841121196746826,0.2775644063949585,0.7230035066604614,1.001965045928955,1.5256389379501345,3.0375399589538574,3.803428888320923,7.261755466461182,4.747083187103272,8.940494537353516,5.292150020599365,9.69287395477295,0.6996132463137539,0.3664542442008667,1.0,0.5363578703876432,0.9723255438906492,0.8656556181509191,0.1737490935460478
DLinear,beijing_aotizhongxin,full,4,0.0,0.0,off,default,huber,0.5,,,4656,196.1,1.77,0.18221675684873,28,96,24,256,2,0.0005,4.344113826751709,8.384906768798828,70.30665588378906,27.57059097290039,0.6205592155456543,1.9851553440094,2.608704090118408,11.858034133911133,16.07439422607422,29.327890396118164,2.8095974922180176,3.8767247200012207,0.2767859101295471,0.723668098449707,1.0030823945999146,1.4973177909851074,3.010793447494507,3.800799369812012,7.272119045257568,4.739055156707764,8.934810638427734,5.27945613861084,9.72330093383789,0.6994923857868021,0.3663608562691131,1.0,0.5362578334825425,0.9724731373709904,0.8669996452522494,0.1737490935460478
LSTM,beijing_aotizhongxin,full,1,0.0,0.0,on,default,huber,0.5,,,833668,106.3,1.73,0.1771198452302126,10,96,24,256,2,0.0005,4.332779884338379,8.072233200073242,65.16094207763672,27.30894660949707,0.6410031318664551,2.5805492401123047,3.3677148818969727,11.477295875549316,15.353612899780272,26.493253707885746,2.581760168075561,3.55254864692688,0.2544595301151275,0.6915150284767151,0.9737786650657654,2.669643878936768,4.6944661140441895,3.694773197174072,6.893496990203857,4.501579284667969,8.34841251373291,5.271687984466553,9.532069206237791,0.7112702441382645,0.3756908964994577,1.0,0.5461850441191836,0.9688813802518188,0.8391595193791189,0.1737490935460478
LSTM,beijing_aotizhongxin,full,3,0.0,0.0,on,default,huber,0.5,,,833668,106.6,1.74,0.177518453056354,10,96,24,256,2,0.0005,4.335080623626709,8.119579315185547,65.92756652832031,27.51606178283692,0.640662670135498,2.652849197387696,3.434527635574341,11.453531265258787,15.44172191619873,27.55018424987793,2.54893159866333,3.539159059524536,0.2511974275112152,0.6850070953369141,0.9705002903938292,2.714373588562012,4.799184322357178,3.701192855834961,6.957189559936523,4.450096130371094,8.376544952392578,5.325819969177246,9.607818603515623,0.7139412617839014,0.3778732799747664,1.0,0.5484877099607978,0.971234973013821,0.8566397159488018,0.1737490935460478
iTransformer,beijing_aotizhongxin,full,0,0.0,0.0,off,default,huber,0.5,,,1611032,132.7,1.53,0.1793072579804162,13,96,24,256,2,0.0005,4.282550811767578,8.291726112365723,68.75271606445312,27.54110336303711,0.6231459975242615,2.1950676441192627,2.8571455478668213,11.609461784362791,15.882944107055664,28.14682960510254,2.615917444229126,3.683621644973755,0.2576311826705932,0.7097540497779846,1.0052982568740845,1.8640002012252808,3.5378434658050537,3.6829099655151367,7.075642108917236,4.600845813751221,8.764513969421387,5.283381938934326,9.805545806884766,0.7110406091370558,0.3755044469694001,1.0,0.545987979605207,0.9728095379197794,0.8622729085036037,0.1737490935460478
iTransformer,beijing_aotizhongxin,full,1,0.0,0.0,off,default,huber,0.5,,,1611032,104.9,1.5,0.180824078511692,10,96,24,256,2,0.0005,4.215433120727539,8.215044975280762,67.4869613647461,27.20082092285156,0.6260205507278442,1.9957102537155151,2.627804040908813,11.45415496826172,15.739120483398438,27.139524459838867,2.6998531818389893,3.7833309173583984,0.2658227980136871,0.7120145559310913,1.0044658184051514,1.7323570251464844,3.408365249633789,3.611506223678589,7.071378231048584,4.49202823638916,8.557405471801758,5.245925426483154,9.787603378295898,0.7027374909354605,0.3688849543897463,1.0,0.538956839589484,0.9730672766787474,0.8672642445216725,0.1737490935460478
iTransformer,beijing_aotizhongxin,full,3,0.0,0.0,off,default,huber,0.5,,,1611032,103.4,1.52,0.1816415601303558,10,96,24,256,2,0.0005,4.24924898147583,8.302167892456055,68.92598724365234,27.30572509765625,0.6218365430831909,2.0202300548553467,2.661605834960937,11.546527862548828,15.909817695617676,27.71926498413086,2.712061882019043,3.8057072162628174,0.2670367360115051,0.7181796431541443,1.0070363283157349,1.7597736120224,3.437598943710327,3.6662440299987793,7.120738983154297,4.570205211639404,8.686190605163574,5.202547550201416,9.806441307067873,0.7044476673918298,0.3702292042235385,1.0,0.5403901815584709,0.973723704545909,0.8718769929558378,0.1737490935460478
