model,dataset,ablation,seed,missing_rate,params,train_time_s,infer_time_s,best_val,epochs_run,seq_len,pred_len,d_model,n_layers,lr,lambda_ent,MAE,RMSE,MSE,SMAPE,R2,MAE_T,RMSE_T,MAE_RH,RMSE_RH,MAPE_RH,MAE_P,RMSE_P,MAPE_P,MAE_WS,RMSE_WS,MAE_h1,RMSE_h1,MAE_h6,RMSE_h6,MAE_h12,RMSE_h12,MAE_h24,RMSE_h24,CLS_ACC,CLS_P,CLS_R,CLS_F1,CLS_AUC,CLS_AP,CLS_POSRATE,norm_variant,width,bl_d_model,bl_d_ff
Autoformer,jena,full,0,0.0,2677305.0,959.0,12.33,0.2056641102250058,12.0,96.0,24.0,256.0,2.0,0.0005,0.0,3.8905608654022217,6.166906833648682,38.030738830566406,25.03853988647461,0.5541536808013916,2.679753065109253,3.443611860275269,8.224231719970703,10.671184539794922,11.971746444702148,3.69777512550354,4.961958408355713,0.3733890056610107,0.960477888584137,1.3301429748535156,2.852750301361084,4.402598857879639,3.478386878967285,5.566246032714844,3.931591272354126,6.259064674377441,4.623414039611816,7.126098155975342,0.7190256207458537,0.2033843482405815,0.9917403395177022,0.3375454705986226,0.9641631162002002,0.6793583091510969,0.0721796807592752,on,default,,
Autoformer,jena,full,2,0.0,2677305.0,711.2,12.55,0.2103854086615948,9.0,96.0,24.0,256.0,2.0,0.0005,0.0,3.967543840408325,6.268884658813477,39.29891204833984,25.382686614990234,0.5406596064567566,2.7382242679595947,3.4821879863739014,8.478636741638184,10.856409072875977,12.510724067687988,3.711841821670532,5.038607120513916,0.3748489618301391,0.9414731860160828,1.349370360374451,3.095054864883423,4.844893455505371,3.5824570655822754,5.719735145568848,3.981306791305542,6.299111843109131,4.670419216156006,7.247876167297363,0.6882969034608379,0.1879181532168034,0.9990868717054746,0.3163365881224291,0.9613518528212848,0.6363905762768705,0.0721796807592752,on,default,,
Autoformer,jena,full,4,0.0,2677305.0,945.8,12.43,0.2088566570598553,12.0,96.0,24.0,256.0,2.0,0.0005,0.0,3.917247772216797,6.214001655578613,38.61381912231445,25.721416473388672,0.5482897162437439,2.8517487049102783,3.605334043502808,8.410658836364746,10.845325469970703,12.171463966369627,3.4484622478485107,4.690446376800537,0.3482342958450317,0.9581272006034852,1.3547898530960083,2.817563056945801,4.362454891204834,3.485104322433472,5.589320659637451,3.940317392349243,6.268365859985352,4.689125061035156,7.308650970458984,0.7252780174479916,0.2078677417403403,0.9983397667372266,0.3440910976639057,0.9618505144980118,0.645336009466696,0.0721796807592752,on,default,,
XAI-MeteoFormer,jena,no_multiscale,4,0.0,1755550.0,488.2,5.9,0.1518170952799097,19.0,96.0,24.0,256.0,2.0,0.0005,0.01,3.115389108657837,5.480447769165039,30.035308837890625,21.61488914489746,0.6636165380477905,1.8829801082611084,2.530062437057495,7.473011016845703,10.079659461975098,10.5664701461792,2.235565662384033,3.255002498626709,0.2259205728769302,0.8700015544891357,1.243162989616394,1.1737501621246338,2.1102383136749268,2.6303961277008057,4.891201972961426,3.278254270553589,5.70685625076294,4.006309509277344,6.488124847412109,0.8348162927811331,0.2826841766303587,0.8380442452164529,0.4227640574126614,0.9188093781996696,0.4610341926856731,0.0721796807592752,off,default,,
XAI-MeteoFormer,jena,no_var_attn,4,0.0,1892513.0,729.7,6.45,0.1576660626824476,22.0,96.0,24.0,256.0,2.0,0.0005,0.01,3.154969930648804,5.455528736114502,29.76279258728028,22.20540428161621,0.659176766872406,1.9383704662323,2.592334508895874,7.542945861816406,9.98329257965088,10.80671501159668,2.259183406829834,3.3303370475769043,0.228246122598648,0.8793824315071106,1.2544735670089722,1.2201530933380127,2.20187783241272,2.614562749862671,4.754037380218506,3.3126652240753174,5.637351512908936,4.083290100097656,6.535313129425049,0.8982450148595532,0.3897032534858777,0.723861702569211,0.5066453627714431,0.9327380869664345,0.5037211303031971,0.0721796807592752,off,default,,
XAI-MeteoFormer,jena,no_temp_attn,4,0.0,1892513.0,605.3,6.51,0.1578950326099081,18.0,96.0,24.0,256.0,2.0,0.0005,0.01,3.188006639480591,5.509171962738037,30.350976943969727,22.01093292236328,0.6542620658874512,1.943446040153504,2.613222599029541,7.534310340881348,10.058526039123535,10.751482009887695,2.385512351989746,3.4386022090911865,0.2408787608146667,0.888759434223175,1.2558053731918335,1.187449336051941,2.1528127193450928,2.736691236495972,4.994065284729004,3.4142301082611084,5.845359325408936,4.0091729164123535,6.376279354095459,0.873840595340811,0.341641764809281,0.8067073423816046,0.4800019757232999,0.9269303678138174,0.4567778409071099,0.0721796807592752,off,default,,
XAI-MeteoFormer,jena,no_fusion,4,0.0,1761185.0,639.1,6.45,0.1570768600918031,19.0,96.0,24.0,256.0,2.0,0.0005,0.01,3.230266094207764,5.587268829345703,31.217575073242188,22.6816349029541,0.6493577361106873,2.096920967102051,2.807074069976806,7.655394554138184,10.223947525024414,11.123059272766112,2.281601428985596,3.2975616455078125,0.2305622696876526,0.8871510028839111,1.2600104808807373,1.273754000663757,2.257145404815674,2.714780569076538,4.854071617126465,3.4980990886688232,6.001765251159668,4.069434642791748,6.463325023651123,0.8680345844118493,0.3233106672333192,0.7578134727929274,0.4532489294358592,0.912176872923497,0.4110797300948948,0.0721796807592752,off,default,,
XAI-MeteoFormer,jena,no_cls,4,0.0,1892513.0,605.1,6.53,0.1547454185183968,18.0,96.0,24.0,256.0,2.0,0.0005,0.01,3.122861623764038,5.440995216369629,29.60443115234375,22.10112953186035,0.6560776829719543,1.963428378105164,2.631843090057373,7.441531658172607,9.976813316345217,10.66457748413086,2.18725323677063,3.214840650558472,0.2210251688957214,0.8992304801940918,1.2724546194076538,0.9735641479492188,1.8189505338668823,2.6326451301574707,4.871559143066406,3.347147226333618,5.6953535079956055,3.996490955352783,6.360457897186279,0.5084393874029336,0.0789996030170702,0.5451375918316523,0.1380005989062081,0.5233233778882612,0.0714432836461931,0.0721796807592752,off,default,,
Autoformer,beijing_aotizhongxin,full,0,0.0,2674742.0,360.9,6.69,0.2271990198889488,9.0,96.0,24.0,256.0,2.0,0.0005,0.0,5.188076972961426,9.152098655700684,83.76091766357422,29.30963134765625,0.5668747425079346,2.980530500411988,3.829766750335693,13.207324028015137,17.137975692749023,31.47397422790528,3.8638415336608887,5.06443977355957,0.3809651136398315,0.7006108164787292,1.008841872215271,4.122032642364502,6.971987724304199,4.64617919921875,8.104887962341309,5.273190498352051,9.220125198364258,6.057554721832275,10.757242202758787,0.715288856659415,0.3789329324577366,0.9994435169727324,0.5495190560878129,0.9637894273106784,0.8292844227256974,0.1737490935460478,on,default,,
Autoformer,beijing_aotizhongxin,full,1,0.0,2674742.0,320.4,6.91,0.2480694804354899,8.0,96.0,24.0,256.0,2.0,0.0005,0.0,5.48073673248291,9.623685836791992,92.61532592773438,30.474571228027344,0.5322921872138977,3.168519973754883,4.067754745483398,13.925426483154297,18.004409790039062,33.59495544433594,4.106044769287109,5.355910778045654,0.4047056138515472,0.7229605913162231,1.0344992876052856,4.573487758636475,7.72162389755249,5.038676261901856,8.758930206298828,5.573551177978516,9.801228523254396,6.233590126037598,10.997966766357422,0.7148235436306503,0.3782052128882254,0.9957220367278798,0.5481909831592452,0.957488690455608,0.8000995908664609,0.1737490935460478,on,default,,
Autoformer,beijing_aotizhongxin,full,3,0.0,2674742.0,357.4,6.66,0.2232415074439115,9.0,96.0,24.0,256.0,2.0,0.0005,0.0,5.304162502288818,9.338180541992188,87.20162200927734,29.81842422485352,0.558956503868103,3.1205155849456787,4.002296447753906,13.530688285827637,17.48805046081543,32.67304992675781,3.850029468536377,5.093105316162109,0.3796399235725403,0.7154228091239929,1.0081952810287476,4.313584804534912,7.341527938842773,4.771303176879883,8.351888656616211,5.420767784118652,9.509485244750977,6.064069271087647,10.676835060119627,0.7229755861735557,0.3853451051953628,0.9988522537562604,0.5561386522075911,0.963172915464592,0.820759063923617,0.1737490935460478,on,default,,
Informer,jena,full,0,0.0,2867513.0,437.7,5.96,0.1717559050384357,12.0,96.0,24.0,256.0,2.0,0.0005,0.0,3.4807753562927246,5.713756561279297,32.64701461791992,23.47345542907715,0.6275192499160767,2.6219193935394287,3.3418872356414795,7.684699535369873,10.15891933441162,10.98047161102295,2.726170301437378,3.828517436981201,0.2752516567707062,0.8903115391731262,1.2484722137451172,1.579930305480957,2.565403461456299,2.975719928741455,5.025267124176025,3.7029354572296143,6.026418209075928,4.343710899353027,6.699383735656738,0.7283967261048797,0.2095876306650611,0.9969700742954384,0.3463615455050144,0.969675333181838,0.7107060392439242,0.0721796807592752,on,default,,
Informer,jena,full,2,0.0,2867513.0,486.7,6.13,0.1712563677467854,12.0,96.0,24.0,256.0,2.0,0.0005,0.0,3.521231412887573,5.73969030380249,32.94404602050781,23.692045211791992,0.6202671527862549,2.6478137969970703,3.394498348236084,7.891059398651123,10.248320579528809,11.703245162963867,2.6667845249176025,3.687329053878784,0.2694178223609924,0.8792647123336792,1.2763683795928955,2.006019830703736,3.268836975097656,3.0167229175567627,5.105923175811768,3.639254093170166,5.894442081451416,4.403923511505127,6.794009685516357,0.7227165420381555,0.2063078058239099,0.9980492259162412,0.3419340618712095,0.9691480324558644,0.712459627154573,0.0721796807592752,on,default,,
Informer,jena,full,4,0.0,2867513.0,434.3,6.22,0.1682604073550745,11.0,96.0,24.0,256.0,2.0,0.0005,0.0,3.4808645248413086,5.71345329284668,32.64354705810547,23.458227157592773,0.6218907237052917,2.568171501159668,3.2504777908325195,7.786994457244873,10.20883846282959,11.41029930114746,2.689759016036988,3.7619800567626953,0.2717576622962951,0.8785353302955627,1.2789406776428225,1.9359418153762813,3.0964038372039795,2.996102094650269,5.01877498626709,3.593623399734497,5.823680400848389,4.304965972900391,6.7453932762146,0.7194300642316173,0.2043188097768331,0.99750965010584,0.3391665137808888,0.9723128857855282,0.7347896869749783,0.0721796807592752,on,default,,
XAI-MeteoFormer,beijing_aotizhongxin,no_multiscale,1,0.0,1755292.0,269.7,3.52,0.1670416578989237,21.0,96.0,24.0,256.0,2.0,0.0005,0.01,4.159735202789307,8.162677764892578,66.62930297851562,26.425317764282227,0.652566134929657,1.9252406358718872,2.566495180130005,11.78748607635498,15.76763153076172,25.78058242797852,2.24835467338562,3.22258734703064,0.221465528011322,0.677860677242279,0.962822675704956,1.7910263538360596,3.4690096378326416,3.4345452785491943,6.829949378967285,4.391218185424805,8.547869682312012,5.296499252319336,9.75599193572998,0.9027677060671984,0.7071391179165031,0.7517042292710072,0.7287409805111605,0.9525563226153207,0.7730696855202597,0.1737490935460478,off,default,,
XAI-MeteoFormer,beijing_aotizhongxin,no_multiscale,3,0.0,1755292.0,256.3,3.57,0.1678436815976252,20.0,96.0,24.0,256.0,2.0,0.0005,0.01,4.118943691253662,8.119468688964844,65.92577362060547,26.55559730529785,0.6546952724456787,1.947084784507752,2.554734468460083,11.554563522338867,15.673624038696287,25.98651885986328,2.29264760017395,3.254572868347168,0.2258830666542053,0.6814793348312378,0.9600889086723328,2.0056796073913574,3.916438817977905,3.3735997676849365,6.842268466949463,4.404919624328613,8.54702377319336,5.169492721557617,9.681451797485352,0.8840584964950448,0.6168980349985336,0.877886755703951,0.7246081414709766,0.9511352805444828,0.7716235966427458,0.1737490935460478,off,default,,
XAI-MeteoFormer,beijing_aotizhongxin,no_var_attn,0,0.0,1892255.0,304.7,3.46,0.1704396229157027,19.0,96.0,24.0,256.0,2.0,0.0005,0.01,4.158666133880615,8.208430290222168,67.37833404541016,26.91830062866211,0.646144449710846,1.982839107513428,2.559307813644409,11.683552742004396,15.85097885131836,27.279762268066406,2.279832363128662,3.280572891235352,0.2245264649391174,0.6884369254112244,0.9733925461769104,2.0152816772460938,3.8975775241851807,3.46762752532959,6.882122039794922,4.343771457672119,8.544243812561035,5.235528469085693,9.800385475158691,0.8893703166545807,0.6520245684510814,0.7790414579855315,0.7098962047381349,0.9458051926376816,0.7473952331498767,0.1737490935460478,off,default,,
XAI-MeteoFormer,beijing_aotizhongxin,no_var_attn,2,0.0,1892255.0,349.6,3.33,0.1725148983609898,22.0,96.0,24.0,256.0,2.0,0.0005,0.01,4.137797355651856,8.147625923156738,66.38380432128906,26.48740768432617,0.6496223211288452,1.895205020904541,2.4838500022888184,11.676414489746094,15.730528831481934,26.5838623046875,2.2922279834747314,3.3130128383636475,0.2257678359746933,0.68734210729599,0.9696124196052552,1.792221188545227,3.531175136566162,3.416353225708008,6.779807090759277,4.345963954925537,8.508631706237793,5.274245262145996,9.762469291687012,0.8908629441624365,0.664532808075834,0.7509738452977184,0.7051139703481157,0.9460768493992696,0.7474130074816614,0.1737490935460478,off,default,,
XAI-MeteoFormer,beijing_aotizhongxin,no_var_attn,4,0.0,1892255.0,304.9,3.48,0.1704482035648164,19.0,96.0,24.0,256.0,2.0,0.0005,0.01,4.14821195602417,8.028767585754395,64.46111297607422,26.58635330200196,0.6549123525619507,1.9691507816314693,2.564172744750977,11.556111335754396,15.4615478515625,26.643287658691406,2.383966445922852,3.359017133712769,0.234819695353508,0.6836162209510803,0.9628100395202636,2.0800423622131348,3.96881890296936,3.511547088623047,6.903735637664795,4.376375675201416,8.421518325805664,5.182422637939453,9.513945579528809,0.8719543147208122,0.5898752228163993,0.8632095158597662,0.7008344275488161,0.9424369767342816,0.7413005840674627,0.1737490935460478,off,default,,
XAI-MeteoFormer,beijing_aotizhongxin,no_temp_attn,1,0.0,1892255.0,272.4,3.42,0.1669179001212085,17.0,96.0,24.0,256.0,2.0,0.0005,0.01,4.114558696746826,7.991672992706299,63.86684036254883,26.715579986572266,0.6459488868713379,2.002658605575561,2.5948517322540283,11.352002143859863,15.377902030944824,27.06201934814453,2.405263185501098,3.358960151672364,0.2370464354753494,0.6983129382133484,0.9857125282287598,1.8487924337387085,3.557436943054199,3.491227865219116,6.87649393081665,4.338161468505859,8.322888374328613,5.127469062805176,9.447504043579102,0.8731387478849407,0.5909591803240253,0.8766346688925988,0.7059927454028542,0.944532188313176,0.7320189441977194,0.1737490935460478,off,default,,
XAI-MeteoFormer,beijing_aotizhongxin,no_temp_attn,3,0.0,1892255.0,285.4,3.39,0.1719855554764834,18.0,96.0,24.0,256.0,2.0,0.0005,0.01,4.300717830657959,8.42803955078125,71.03184509277344,27.077856063842773,0.6403601169586182,1.9368146657943728,2.542701482772827,12.29177474975586,16.313552856445312,26.82918930053711,2.2907400131225586,3.253281831741333,0.2256882786750793,0.6835400462150574,0.972736656665802,1.9857757091522217,3.838169097900391,3.5227224826812744,7.095981121063232,4.668909549713135,9.038140296936035,5.129150390625,9.561266899108888,0.8883611312545323,0.6537609957513015,0.7599471341124096,0.7028661498375527,0.9429776820230796,0.731537764696827,0.1737490935460478,off,default,,
XAI-MeteoFormer,beijing_aotizhongxin,no_fusion,0,0.0,1760927.0,271.0,3.51,0.1741735013908505,17.0,96.0,24.0,256.0,2.0,0.0005,0.01,4.262264728546143,8.307104110717773,69.00798034667969,27.35479164123535,0.6297910213470459,2.125077486038208,2.7784316539764404,11.88558292388916,16.003421783447266,27.66532325744629,2.335831642150879,3.347208976745605,0.2300001978874206,0.7025678157806396,0.9994469285011292,1.8715662956237795,3.563544750213623,3.6900885105133057,7.233327865600586,4.517165660858154,8.699017524719238,5.207097053527832,9.686391830444336,0.8841491418902586,0.6583793434059576,0.6926126878130217,0.6750622891913423,0.9356028425306716,0.7249530338205057,0.1737490935460478,off,default,,
XAI-MeteoFormer,beijing_aotizhongxin,no_fusion,2,0.0,1760927.0,334.1,3.48,0.171498653501193,21.0,96.0,24.0,256.0,2.0,0.0005,0.01,4.145926475524902,8.260278701782227,68.23220825195312,26.690155029296875,0.6408197283744812,1.9350733757019043,2.5524518489837646,11.722485542297363,15.968852996826172,27.868785858154297,2.235107898712158,3.231426239013672,0.2201616466045379,0.6910335421562195,0.9835903644561768,1.83370053768158,3.6773622035980233,3.461404323577881,6.983981609344482,4.36742115020752,8.579814910888672,5.193417549133301,9.790569305419922,0.8754653130287648,0.6073330170277822,0.8013703394546466,0.6909881541460489,0.938113208277562,0.7162089513392587,0.1737490935460478,off,default,,
XAI-MeteoFormer,beijing_aotizhongxin,no_fusion,4,0.0,1760927.0,348.9,3.47,0.1683102684463411,22.0,96.0,24.0,256.0,2.0,0.0005,0.01,4.156135559082031,8.181761741638184,66.94123077392578,26.661296844482425,0.6427368521690369,1.935115098953247,2.557600498199463,11.725379943847656,15.800402641296388,26.779756546020508,2.272674083709717,3.2562448978424072,0.2239342778921127,0.6913712620735168,0.983741044998169,1.7723034620285034,3.5325074195861816,3.462817430496216,6.860493183135986,4.447880744934082,8.674461364746094,5.181644439697266,9.581567764282228,0.876655789219241,0.601876053447981,0.856949081803005,0.7071130307509076,0.9432311290937164,0.7507405804647999,0.1737490935460478,off,default,,
XAI-MeteoFormer,beijing_aotizhongxin,no_cls,1,0.0,1892255.0,294.2,3.52,0.1646105118001285,18.0,96.0,24.0,256.0,2.0,0.0005,0.01,4.062010765075684,7.9979963302612305,63.96794891357422,26.19829750061035,0.6555939316749573,1.911563754081726,2.519977569580078,11.304738998413086,15.388731002807615,26.195287704467773,2.353193998336792,3.4326632022857666,0.2316882163286209,0.6785486340522766,0.9619211554527284,1.757832646369934,3.5241310596466064,3.383159875869751,6.771335124969482,4.236495971679688,8.224440574645996,5.153248310089111,9.609865188598633,0.4632402707275804,0.1762613578796469,0.5687604340567612,0.2691209505550115,0.5011481994128568,0.1710845746869499,0.1737490935460478,off,default,,
XAI-MeteoFormer,beijing_aotizhongxin,no_cls,3,0.0,1892255.0,290.7,3.42,0.1672580026008754,18.0,96.0,24.0,256.0,2.0,0.0005,0.01,4.13202428817749,8.08592414855957,65.38217163085938,26.501802444458008,0.6538217067718506,1.9068506956100464,2.5028231143951416,11.622586250305176,15.59367561340332,25.76825714111328,2.322279691696167,3.342857837677002,0.2286755740642547,0.6763815879821777,0.9628565907478333,2.031254768371582,3.983050584793091,3.406512260437012,6.84605598449707,4.257470607757568,8.272647857666016,5.223402976989746,9.607145309448242,0.5706792361614696,0.1710227449516164,0.3823386199220924,0.236332365903472,0.5004701541196447,0.1700012442715815,0.1737490935460478,off,default,,
Transformer,jena,full,0,0.0,2670137.0,232.2,5.22,0.1719209815537775,8.0,96.0,24.0,256.0,2.0,0.0005,0.0,3.5357699394226074,5.907575607299805,34.89944839477539,23.67821311950684,0.6119985580444336,2.461442232131958,3.190126180648804,8.0199556350708,10.620600700378418,11.552938461303713,2.769912004470825,3.871212959289551,0.2799451947212219,0.8917689323425293,1.2796242237091064,2.1116225719451904,3.43342399597168,3.102813959121704,5.340924263000488,3.678653478622437,6.151822090148926,4.240406036376953,6.681910037994385,0.6954181046879494,0.1915399541926453,0.9996679533474452,0.3214826778432563,0.9698617974255536,0.7133304157582537,0.0721796807592752,on,default,,
Transformer,jena,full,2,0.0,2670137.0,262.3,5.4,0.1734666427491746,9.0,96.0,24.0,256.0,2.0,0.0005,0.0,3.5440828800201416,5.850244522094727,34.22536087036133,23.72721672058105,0.613296389579773,2.5135066509246826,3.242151975631714,7.920510292053223,10.428723335266112,11.46595573425293,2.852677583694458,4.002031326293945,0.2880358695983886,0.8896262645721436,1.2709722518920898,1.9514477252960205,3.0934393405914307,3.078080654144287,5.217772006988525,3.714369535446167,6.102430820465088,4.246429443359375,6.635106086730957,0.72390890135174,0.2068986306089053,0.9970945917901464,0.3426888155032346,0.9697214196798518,0.7109820964473692,0.0721796807592752,on,default,,
Transformer,jena,full,4,0.0,2670137.0,239.8,5.51,0.1782375340553044,8.0,96.0,24.0,256.0,2.0,0.0005,0.0,3.634468078613281,5.956155300140381,35.47578430175781,24.469629287719727,0.6017159819602966,2.97156286239624,3.766159057617188,7.961712837219238,10.575448036193848,11.3397798538208,2.7170095443725586,3.7754199504852295,0.274527758359909,0.8875906467437744,1.27485454082489,2.15867018699646,3.389162302017212,3.167005777359009,5.325953960418701,3.8037171363830566,6.239431858062744,4.366144180297852,6.8128342628479,0.7471868708656888,0.2217062993870467,0.9968455568007304,0.362737028114876,0.968798243845794,0.7024106296167877,0.0721796807592752,on,default,,
Informer,beijing_aotizhongxin,full,0,0.0,2865718.0,244.4,3.55,0.2069936672036965,12.0,96.0,24.0,256.0,2.0,0.0005,0.0,5.102687835693359,9.364151000976562,87.68733215332031,30.387598037719727,0.5592041015625,3.181810140609741,4.054705619812012,13.614849090576172,17.79806137084961,31.681602478027344,2.86093807220459,4.056623935699463,0.2818281650543213,0.7531511187553406,1.0399504899978638,2.977064371109009,5.133394241333008,4.073188781738281,7.373720645904541,5.351697444915772,9.68832778930664,6.250373840332031,11.17507266998291,0.7287043751510757,0.3904081688075387,1.0,0.5615734682318014,0.9625808631767748,0.8136192449669601,0.1737490935460478,on,default,,
Informer,beijing_aotizhongxin,full,2,0.0,2865718.0,248.1,3.53,0.203805366971516,12.0,96.0,24.0,256.0,2.0,0.0005,0.0,5.080539703369141,9.21422004699707,84.90184783935547,30.389707565307617,0.5673707723617554,3.4833481311798096,4.356910228729248,13.214754104614258,17.397720336914062,30.55728912353516,2.8809847831726074,4.110302925109863,0.2836410105228424,0.7430708408355713,1.0244640111923218,2.626100778579712,4.539114952087402,4.1122870445251465,7.419522762298584,5.380164623260498,9.591039657592772,6.234393119812012,10.983704566955566,0.7414249456127628,0.4018734708144005,0.999721758486366,0.5732919812120426,0.966721898150468,0.8447436486997739,0.1737490935460478,on,default,,
Informer,beijing_aotizhongxin,full,4,0.0,2865718.0,242.7,3.52,0.2017321711115193,12.0,96.0,24.0,256.0,2.0,0.0005,0.0,4.939189434051514,9.090699195861816,82.64081573486328,29.55838966369629,0.5853734016418457,3.1809070110321045,4.051651954650879,13.017455101013184,17.22533416748047,31.190290451049805,2.8605382442474365,4.0536065101623535,0.2815515697002411,0.6978549361228943,1.0017646551132202,2.833691358566284,4.847043991088867,4.040590286254883,7.388052940368652,5.16120195388794,9.318026542663574,6.0572919845581055,10.826617240905762,0.7357988880831521,0.3967182799260302,0.9998260990539788,0.5680439464896161,0.965329554924974,0.8333772653553091,0.1737490935460478,on,default,,
Transformer,beijing_aotizhongxin,full,1,0.0,2668342.0,125.5,3.15,0.204467512176633,8.0,96.0,24.0,256.0,2.0,0.0005,0.0,5.012986660003662,9.04992389678955,81.90111541748047,29.91103744506836,0.5875040888786316,3.3118364810943604,4.188511848449707,13.122788429260254,17.13007354736328,31.17240333557129,2.892993450164795,3.9524247646331774,0.2850622534751892,0.7243263125419617,0.9999040961265564,3.094302177429199,5.202147960662842,4.699465751647949,8.35400104522705,5.175673007965088,9.277302742004396,5.772626876831055,10.236617088317873,0.738155668358714,0.398879054410255,1.0,0.5702838328341631,0.9686123605961748,0.8470227384913515,0.1737490935460478,on,default,,
Transformer,beijing_aotizhongxin,full,3,0.0,2668342.0,126.9,3.09,0.1987936888951483,8.0,96.0,24.0,256.0,2.0,0.0005,0.0,4.851125717163086,9.028620719909668,81.51599884033203,29.098308563232425,0.5905972719192505,2.812650203704834,3.653308868408203,12.99959659576416,17.21249771118164,31.625986099243164,2.876548290252685,3.928612470626831,0.2833664119243622,0.7157101035118103,1.0066090822219849,2.973194360733032,5.241223335266113,4.352035999298096,8.11965560913086,5.1079583168029785,9.568482398986816,5.610226631164551,10.10806655883789,0.7210962049794537,0.3838462051932447,1.0,0.5547526939811108,0.9694782357761542,0.8496171429794872,0.1737490935460478,on,default,,
LSTM,jena,full,0,0.0,834656.0,159.3,3.18,0.1621175076702795,11.0,96.0,24.0,256.0,2.0,0.0005,0.0,3.364832639694214,5.496388912200928,30.210289001464844,23.43976593017578,0.6526954770088196,2.7817771434783936,3.446985483169556,7.437805652618408,9.798768043518066,10.78603458404541,2.386554479598999,3.3862998485565186,0.2409492433071136,0.85319983959198,1.215153455734253,1.9034881591796875,3.0163583755493164,2.9044480323791504,4.888840198516846,3.519718647003174,5.711830139160156,4.069034099578857,6.323454856872559,0.7858187134502924,0.2517363111637213,0.9974266384427012,0.4020108068320591,0.9760576715364492,0.7570299493840514,0.0721796807592752,off,default,,
LSTM,jena,full,2,0.0,834656.0,158.9,3.25,0.1609529654350713,11.0,96.0,24.0,256.0,2.0,0.0005,0.0,3.3124611377716064,5.356349468231201,28.69047737121582,23.50802993774414,0.6599851250648499,2.846048593521118,3.482895374298096,7.19366979598999,9.491559028625488,10.399399757385254,2.356656551361084,3.327982187271118,0.2379313558340072,0.8534711599349976,1.2108628749847412,1.8793654441833496,2.9464681148529053,2.848872184753418,4.722882270812988,3.4378740787506104,5.512950420379639,4.04556941986084,6.23892068862915,0.7850997028089349,0.2510425703147046,0.9969285684638692,0.4010854137096101,0.9743508984533222,0.749825172264829,0.0721796807592752,off,default,,
LSTM,jena,full,4,0.0,834656.0,163.2,3.14,0.1605181368823133,11.0,96.0,24.0,256.0,2.0,0.0005,0.0,3.2517638206481934,5.361481666564941,28.745485305786133,23.049293518066406,0.6642181873321533,2.581015110015869,3.217620611190796,7.229892253875732,9.600090980529783,10.481146812438965,2.336890459060669,3.315593719482422,0.2361117452383041,0.8592579960823059,1.2140499353408811,1.7840954065322876,2.83689546585083,2.815680503845215,4.793665885925293,3.3857262134552,5.564013481140137,3.988771915435791,6.242857456207275,0.7592662496404947,0.230453029780384,0.998256755074088,0.3744599360097153,0.9760841801382242,0.7595090061450002,0.0721796807592752,off,default,,
DLinear,jena,full,1,0.0,4694.0,203.6,3.11,0.1782766996497653,22.0,96.0,24.0,256.0,2.0,0.0005,0.0,3.5023889541625977,5.847133636474609,34.18897247314453,23.75643920898437,0.6022142767906189,2.372061014175415,3.071521043777466,7.716009616851807,10.39718532562256,11.251039505004885,3.00394606590271,4.185044765472412,0.3034550547599792,0.9175410866737366,1.3059639930725098,1.0835708379745483,1.8328442573547363,3.050482988357544,5.168404579162598,3.843949317932129,6.251772880554199,4.2883806228637695,6.748998165130615,0.6908463953599847,0.188808107512668,0.9959739343377744,0.3174388993617091,0.9659138728749606,0.6894161215193859,0.0721796807592752,on,default,,
DLinear,jena,full,3,0.0,4694.0,130.8,3.52,0.1782939947907021,14.0,96.0,24.0,256.0,2.0,0.0005,0.0,3.504456758499145,5.838663101196289,34.089988708496094,23.78843688964844,0.6026774048805237,2.370608329772949,3.071576833724976,7.705111503601074,10.36622714996338,11.23404312133789,3.0275208950042725,4.215209484100342,0.3058464229106903,0.9145813584327698,1.3033431768417358,1.0845494270324707,1.8491637706756592,3.0466110706329346,5.144905090332031,3.8471829891204834,6.255232334136963,4.300275802612305,6.734605312347412,0.6902202569264692,0.1885177010266359,0.9961399576640518,0.3170367630546492,0.9655413528132,0.6883270914869217,0.0721796807592752,on,default,,
DLinear,beijing_aotizhongxin,full,0,0.0,4692.0,79.3,2.17,0.1836178294317821,17.0,96.0,24.0,256.0,2.0,0.0005,0.0,4.435924530029297,8.453821182250977,71.46708679199219,28.530048370361328,0.6160525679588318,2.261425256729126,2.945277452468872,11.94926929473877,16.150922775268555,29.038911819458008,2.826685905456543,3.916204690933228,0.2783842086791992,0.7063148617744446,1.0023682117462158,1.6132057905197144,3.045776128768921,3.921397686004639,7.343613147735596,4.817452430725098,9.003451347351074,5.364119529724121,9.803459167480469,0.7106115542663766,0.3751565762004175,1.0,0.5456201609230302,0.9723306069712612,0.8695258153211569,0.1737490935460478,on,default,,
DLinear,beijing_aotizhongxin,full,1,0.0,4692.0,80.0,2.21,0.1837273384481536,17.0,96.0,24.0,256.0,2.0,0.0005,0.0,4.445602893829346,8.44675064086914,71.34759521484375,28.580230712890625,0.6172126531600952,2.289124727249145,2.975558280944824,11.949018478393556,16.129547119140625,29.101938247680664,2.839688301086426,3.921104669570923,0.2796873152256012,0.7045840620994568,0.9995844960212708,1.658799409866333,3.067617893218994,3.880537509918213,7.318173408508301,4.8326616287231445,9.00136947631836,5.379999160766602,9.798349380493164,0.7111070824268794,0.3755584001671935,1.0,0.546045009970563,0.9719793630034904,0.8686746678459248,0.1737490935460478,on,default,,
DLinear,beijing_aotizhongxin,full,3,0.0,4692.0,63.9,2.22,0.1837947131619891,14.0,96.0,24.0,256.0,2.0,0.0005,0.0,4.447961807250977,8.460162162780762,71.5743408203125,28.54928970336914,0.6166950464248657,2.2888286113739014,2.976184844970703,11.959614753723145,16.158710479736328,29.100435256958008,2.838740110397339,3.916094303131104,0.2795873582363128,0.704658031463623,0.9999862909317015,1.6536781787872314,3.115138292312622,3.892832040786743,7.330202579498291,4.83094596862793,8.996603965759277,5.36566972732544,9.814892768859863,0.7108895334783659,0.375381883698462,1.0,0.5458584094317772,0.971859439421494,0.8675892069709359,0.1737490935460478,on,default,,
LSTM,beijing_aotizhongxin,full,0,0.0,833632.0,87.7,1.92,0.1858147291402251,11.0,96.0,24.0,256.0,2.0,0.0005,0.0,4.702040195465088,8.560523986816406,73.2825698852539,28.735361099243164,0.6272836327552795,3.1905245780944824,4.035703659057617,12.143585205078123,16.200069427490234,30.141225814819336,2.802713394165039,3.6728131771087646,0.2762763202190399,0.6713401675224304,0.9547669291496276,3.2380919456481934,5.456188678741455,4.13190507888794,7.517220497131348,4.841704845428467,8.878741264343262,5.560558319091797,9.857385635375977,0.755384336475707,0.4153052823157256,1.0,0.5868773154526805,0.9693282277680212,0.8463273221915971,0.1737490935460478,off,default,,
LSTM,beijing_aotizhongxin,full,2,0.0,833632.0,80.5,2.45,0.192394258945538,10.0,96.0,24.0,256.0,2.0,0.0005,0.0,4.633399963378906,8.468832969665527,71.72113037109375,28.835824966430664,0.6234512329101562,3.066148519515991,3.917710065841675,12.085960388183594,16.042343139648438,30.3107852935791,2.7072129249572754,3.6374120712280273,0.2667523324489593,0.6742741465568542,0.9739804863929749,3.1968886852264404,5.605571746826172,4.083887100219727,7.449035167694092,4.764989852905273,8.725418090820312,5.472602367401123,9.691546440124512,0.7534989122552574,0.4134420430524999,1.0,0.5850144971768656,0.9685642741762994,0.8380213218528522,0.1737490935460478,off,default,,
LSTM,beijing_aotizhongxin,full,4,0.0,833632.0,78.4,2.18,0.1871956102055084,10.0,96.0,24.0,256.0,2.0,0.0005,0.0,4.604852676391602,8.36301326751709,69.93998718261719,28.728490829467773,0.630668044090271,2.993048906326294,3.851766586303711,11.933771133422852,15.808789253234863,28.646806716918945,2.814321756362915,3.752267837524414,0.2772066593170166,0.678273618221283,0.9625555276870728,3.108936548233032,5.422886848449707,4.13013219833374,7.443090438842773,4.766227722167969,8.606607437133789,5.43637752532959,9.625516891479492,0.7548706792361615,0.4147271152180191,0.9990261547022816,0.5861323103293474,0.9682149993256416,0.8419744422060886,0.1737490935460478,off,default,,
Autoformer,jena,full,1,0.0,2677305.0,851.1,14.17,0.2047615873157312,10.0,96.0,24.0,256.0,2.0,0.0005,0.0,3.837722778320313,6.103311061859131,37.25040817260742,25.20624732971192,0.5577372312545776,2.745478391647339,3.510030508041382,8.170833587646484,10.59049129486084,11.626370429992676,3.496241331100464,4.76710319519043,0.3531156182289123,0.9383366107940674,1.3407129049301147,2.8197290897369385,4.4198150634765625,3.425200700759888,5.534890174865723,3.8348388671875,6.14011287689209,4.661181449890137,7.12781286239624,0.7166558815070463,0.2027830487033523,0.998007720084672,0.3370762890066448,0.9636464687837444,0.6257075218274251,0.0721796807592752,on,default,,
Autoformer,jena,full,3,0.0,2677305.0,1015.8,12.49,0.2062681624832043,12.0,96.0,24.0,256.0,2.0,0.0005,0.0,3.90605902671814,6.263500213623047,39.2314338684082,25.06312370300293,0.5457741022109985,2.6397573947906494,3.372579574584961,8.5005464553833,10.906757354736328,12.41373062133789,3.534756660461426,4.978215217590332,0.3569934368133545,0.9491746425628662,1.3458869457244873,2.741859674453736,4.315996646881104,3.43119215965271,5.568055152893066,3.958270072937012,6.366913318634033,4.6855998039245605,7.270949840545654,0.7028269101716039,0.1949023781860136,0.9956418876852198,0.3259903512944214,0.9644666473698638,0.6566943702965515,0.0721796807592752,on,default,,
XAI-MeteoFormer,jena,no_multiscale,3,0.0,1755550.0,487.6,6.06,0.152838277037234,18.0,96.0,24.0,256.0,2.0,0.0005,0.01,3.1591615676879883,5.480322360992432,30.033933639526367,22.20238876342773,0.6583753824234009,2.0241827964782715,2.6785695552825928,7.53067684173584,10.036487579345703,10.895560264587402,2.2094571590423584,3.264863967895508,0.223223939538002,0.872328519821167,1.253230333328247,1.1138063669204712,2.0435562133789062,2.6471354961395264,4.8489837646484375,3.355313539505005,5.738606929779053,4.065590858459473,6.465707778930664,0.8247321685360943,0.2766918464294058,0.8848213173950941,0.4215584492628956,0.9263126202682344,0.4885196529469271,0.0721796807592752,off,default,,
XAI-MeteoFormer,jena,no_var_attn,3,0.0,1892513.0,566.1,7.26,0.1548922997463619,16.0,96.0,24.0,256.0,2.0,0.0005,0.01,3.166231632232666,5.479618549346924,30.02622032165528,21.861045837402344,0.6588870882987976,1.961633801460266,2.632995843887329,7.55424165725708,10.034907341003418,10.918937683105469,2.280287027359009,3.3024675846099854,0.2304327189922332,0.8687658309936523,1.2516072988510132,1.3555554151535034,2.5570831298828125,2.674511671066284,4.847729206085205,3.3218843936920166,5.652227878570557,4.0362067222595215,6.493149757385254,0.8502420669159237,0.2979888599379027,0.7927198771427385,0.433152654616379,0.9166590529621732,0.4757388442420094,0.0721796807592752,off,default,,
XAI-MeteoFormer,jena,no_temp_attn,3,0.0,1892513.0,564.1,7.22,0.1569181581518395,16.0,96.0,24.0,256.0,2.0,0.0005,0.01,3.222346067428589,5.554245471954346,30.84964370727539,22.203590393066406,0.652756929397583,2.003000259399414,2.655334234237671,7.697839736938477,10.165462493896484,10.981876373291016,2.318693161010742,3.3813722133636475,0.2343573570251464,0.8698525428771973,1.2559709548950195,1.4519870281219482,2.6414480209350586,2.7471022605896,4.963138103485107,3.3718926906585693,5.769323825836182,4.034302234649658,6.460151672363281,0.75879589684594,0.2246913580246913,0.9555887602208112,0.3638331832045386,0.9313018405062424,0.5113875102298563,0.0721796807592752,off,default,,
XAI-MeteoFormer,jena,no_fusion,3,0.0,1761185.0,739.0,7.12,0.1561492666727518,21.0,96.0,24.0,256.0,2.0,0.0005,0.01,3.1667253971099854,5.546310901641846,30.76156616210937,22.35687065124512,0.6552844047546387,2.02291226387024,2.7353975772857666,7.553086280822754,10.17315673828125,10.883442878723145,2.2053370475769043,3.240551948547364,0.2228322923183441,0.8855680227279663,1.2528339624404907,1.1462029218673706,2.061767578125,2.657212734222412,4.883920192718506,3.365314245223999,5.850020408630371,4.063014030456543,6.528051376342773,0.8485823506854568,0.3008688319706072,0.8293280205868925,0.4415495447715018,0.9220857760979514,0.4561532695002928,0.0721796807592752,off,default,,
XAI-MeteoFormer,jena,no_cls,3,0.0,1892513.0,563.7,7.1,0.1511907450023573,16.0,96.0,24.0,256.0,2.0,0.0005,0.01,3.1156649589538574,5.4246134757995605,29.426433563232425,21.958892822265625,0.6648038625717163,2.00984263420105,2.6989939212799072,7.440675735473633,9.93559741973877,10.762035369873049,2.1382439136505127,3.18774151802063,0.2160692512989044,0.8739016652107239,1.2423361539840698,1.061764121055603,1.9911640882492063,2.596116542816162,4.702266216278076,3.322694540023804,5.665659427642822,4.01387882232666,6.41354513168335,0.5045087958968459,0.0755236184044509,0.5217283028265471,0.1319470322414725,0.5146057201838218,0.0709765180856541,0.0721796807592752,off,default,,
Autoformer,beijing_aotizhongxin,full,2,0.0,2674742.0,381.4,6.7,0.2330873718753056,9.0,96.0,24.0,256.0,2.0,0.0005,0.0,5.34194278717041,9.415555953979492,88.65269470214844,30.010541915893555,0.5535567998886108,3.1699929237365723,4.042551040649414,13.585363388061523,17.641958236694336,32.18667984008789,3.907104969024658,5.099292755126953,0.3851974010467529,0.7053056955337524,1.0134330987930298,4.361908912658691,7.258259773254394,4.790296077728272,8.396624565124512,5.419833183288574,9.543785095214844,6.328407764434815,11.160534858703612,0.7179115300942712,0.3811487364429476,0.9998260990539788,0.5519035459903623,0.9624153391820788,0.8156997524217611,0.1737490935460478,on,default,,
Autoformer,beijing_aotizhongxin,full,4,0.0,2674742.0,380.9,7.06,0.2390208574639402,9.0,96.0,24.0,256.0,2.0,0.0005,0.0,5.420918941497803,9.554144859313965,91.2816925048828,30.557960510253903,0.5419758558273315,3.2552490234375,4.124273777008057,13.78514003753662,17.900959014892578,32.91141891479492,3.933591604232788,5.159716606140137,0.387776255607605,0.7096930742263794,1.0247613191604614,4.487524509429932,7.5935750007629395,4.970585346221924,8.708780288696289,5.471578121185303,9.639703750610352,6.223108768463135,10.977334022521973,0.7217125936669084,0.3841652046979416,0.9977045075125208,0.5547315394061282,0.9591238191310748,0.8092471111879626,0.1737490935460478,on,default,,
Informer,jena,full,1,0.0,2867513.0,413.4,6.46,0.1734693358881577,10.0,96.0,24.0,256.0,2.0,0.0005,0.0,3.502789258956909,5.770573139190674,33.29951477050781,23.49382209777832,0.6224857568740845,2.5739128589630127,3.281834125518799,7.85899019241333,10.321921348571776,11.445042610168455,2.6983468532562256,3.779598236083984,0.2726538479328155,0.8799077868461609,1.2649987936019895,1.915924906730652,3.117626667022705,3.03446364402771,5.162531852722168,3.634085178375244,5.917524814605713,4.324704170227051,6.762086868286133,0.7270695522960406,0.2085627549733392,0.9951853235379572,0.3448538718214244,0.9700936944181706,0.7235349218952384,0.0721796807592752,on,default,,
Informer,jena,full,3,0.0,2867513.0,434.8,6.36,0.1728175850410809,11.0,96.0,24.0,256.0,2.0,0.0005,0.0,3.450575590133667,5.671579837799072,32.16682052612305,23.483232498168945,0.6265759468078613,2.58685040473938,3.3231618404388428,7.668319702148437,10.093916893005373,11.00441551208496,2.6615006923675537,3.760066509246826,0.2689330279827118,0.8856292963027954,1.2643489837646484,1.6196470260620115,2.5970375537872314,2.960458278656006,5.022494316101074,3.6394529342651367,5.8553080558776855,4.329452037811279,6.755714416503906,0.7299605742498322,0.2105161652289782,0.9967210393060224,0.3476133608366807,0.9695769743629246,0.7116050280270942,0.0721796807592752,on,default,,
XAI-MeteoFormer,beijing_aotizhongxin,no_multiscale,0,0.0,1755292.0,303.7,3.62,0.1708015951613673,23.0,96.0,24.0,256.0,2.0,0.0005,0.01,4.165655136108398,8.346487998962402,69.66386413574219,26.65892601013184,0.6429570913314819,1.86760675907135,2.455185413360596,11.922941207885742,16.180036544799805,26.400882720947266,2.187567949295044,3.143368721008301,0.2154756039381027,0.6845060586929321,0.976321280002594,1.8188260793685915,3.585891962051392,3.329674005508423,6.771146297454834,4.3825531005859375,8.687135696411133,5.316202640533447,9.97170352935791,0.8897510273144791,0.6331947472494043,0.8687047857540345,0.7324848236018652,0.9540310244629576,0.7811646695649872,0.1737490935460478,off,default,,
XAI-MeteoFormer,beijing_aotizhongxin,no_multiscale,2,0.0,1755292.0,306.6,3.7,0.1685187616397893,23.0,96.0,24.0,256.0,2.0,0.0005,0.01,4.156503200531006,8.269983291625977,68.39262390136719,26.76947784423828,0.6447265148162842,1.8898239135742188,2.5122437477111816,11.803681373596191,15.976107597351074,26.844194412231445,2.2552413940429688,3.328420400619507,0.2219907939434051,0.6772682666778564,0.971943497657776,1.8644747734069824,3.713300228118897,3.412611722946167,6.909188270568848,4.383663654327393,8.639655113220215,5.176954746246338,9.650606155395508,0.8970087019579406,0.6779429196680952,0.7757721202003339,0.7235657632232008,0.9495624035440408,0.778065611728186,0.1737490935460478,off,default,,
XAI-MeteoFormer,beijing_aotizhongxin,no_multiscale,4,0.0,1755292.0,288.2,3.78,0.1687650098486005,22.0,96.0,24.0,256.0,2.0,0.0005,0.01,4.051909923553467,8.065845489501953,65.05786895751953,26.27354621887207,0.6495292782783508,1.9409713745117188,2.5915119647979736,11.35848331451416,15.548847198486328,25.89028549194336,2.229184627532959,3.286227941513061,0.2194457054138183,0.679000735282898,0.974466860294342,1.727298378944397,3.435718059539795,3.344815731048584,6.821331977844238,4.2900800704956055,8.472363471984863,5.105790138244629,9.503442764282228,0.880668358714044,0.6057793962175496,0.8968071786310517,0.7231094970343677,0.9543422205162002,0.7832003935956833,0.1737490935460478,off,default,,
XAI-MeteoFormer,beijing_aotizhongxin,no_var_attn,1,0.0,1892255.0,318.5,3.73,0.1691225336115023,19.0,96.0,24.0,256.0,2.0,0.0005,0.01,4.069556713104248,7.940291404724121,63.0482292175293,26.54169464111328,0.6561815738677979,1.9904922246932983,2.603527069091797,11.345541954040527,15.295201301574709,26.653114318847656,2.2541565895080566,3.24562931060791,0.2220028340816497,0.6880334615707397,0.9680927395820618,1.7023441791534424,3.2793045043945312,3.446318864822388,6.753862857818604,4.273684024810791,8.247198104858398,5.183881759643555,9.55864429473877,0.8709934735315445,0.5845321276887245,0.8903380634390651,0.7057315358531139,0.946312331106172,0.7496982515423577,0.1737490935460478,off,default,,
XAI-MeteoFormer,beijing_aotizhongxin,no_var_attn,3,0.0,1892255.0,373.3,3.89,0.1713239850593521,22.0,96.0,24.0,256.0,2.0,0.0005,0.01,4.168139457702637,8.258882522583008,68.20913696289062,26.47471046447754,0.6479384899139404,1.8850750923156736,2.4311282634735107,11.808155059814451,15.978612899780272,27.436128616333008,2.292619228363037,3.2669999599456787,0.2259131819009781,0.6867097616195679,0.9679149985313416,1.790900468826294,3.612823009490967,3.376781702041626,6.774056911468506,4.369967937469482,8.507020950317383,5.391191482543945,10.061039924621582,0.883562968334542,0.678445096711071,0.6270520311630495,0.651736977189748,0.934933639186341,0.7226040338636982,0.1737490935460478,off,default,,
XAI-MeteoFormer,beijing_aotizhongxin,no_temp_attn,0,0.0,1892255.0,317.6,3.77,0.1689633837897481,19.0,96.0,24.0,256.0,2.0,0.0005,0.01,4.202820777893066,8.291501998901367,68.7490005493164,27.274188995361328,0.6409813165664673,2.018631219863892,2.59720230102539,11.83807373046875,16.022706985473633,27.16571044921875,2.2585136890411377,3.250085592269897,0.2224733829498291,0.6960617899894714,0.9799895882606506,1.9997317790985107,3.8528079986572266,3.468194007873535,6.962802886962891,4.444762229919434,8.698200225830078,5.269016742706299,9.814748764038086,0.8792542905487067,0.6116841113403112,0.8353853644963829,0.7062438436319264,0.9460065753717124,0.7527779513439808,0.1737490935460478,off,default,,
XAI-MeteoFormer,beijing_aotizhongxin,no_temp_attn,2,0.0,1892255.0,300.9,3.8,0.1715398611556403,18.0,96.0,24.0,256.0,2.0,0.0005,0.01,4.10163688659668,8.038407325744629,64.6159896850586,26.475217819213867,0.6490291357040405,1.9484658241271973,2.559067249298096,11.508051872253418,15.506318092346191,26.20074844360352,2.2671968936920166,3.2420244216918945,0.2233405411243438,0.6828328371047974,0.9790406823158264,1.8575552701950075,3.658168077468872,3.4509823322296143,6.837533950805664,4.322659492492676,8.384554862976074,5.144906997680664,9.529114723205566,0.873120618805898,0.5995635430038511,0.8122217584863661,0.6898762222681752,0.9421288315279706,0.7464097112429987,0.1737490935460478,off,default,,
XAI-MeteoFormer,beijing_aotizhongxin,no_temp_attn,4,0.0,1892255.0,319.1,3.7,0.1702804631202454,19.0,96.0,24.0,256.0,2.0,0.0005,0.01,4.114791870117188,8.05430793762207,64.87187194824219,26.63939666748047,0.6503046154975891,1.980556607246399,2.610288619995117,11.468017578125,15.515296936035156,26.79524040222168,2.3204762935638428,3.317224740982056,0.2285890281200409,0.6901143789291382,0.9723434448242188,1.9249908924102783,3.7312240600585938,3.461398124694824,6.914996147155762,4.35742712020874,8.46595573425293,5.134362697601318,9.470507621765137,0.8639110466521635,0.5670568993716105,0.9164579855314412,0.7006115394841798,0.9450353058755552,0.7379873174259065,0.1737490935460478,off,default,,
XAI-MeteoFormer,beijing_aotizhongxin,no_fusion,1,0.0,1760927.0,368.4,3.68,0.1717613747611241,22.0,96.0,24.0,256.0,2.0,0.0005,0.01,4.210930347442627,8.339032173156738,69.53945922851562,26.859134674072266,0.635634183883667,1.9730769395828247,2.620856046676636,11.938944816589355,16.111356735229492,27.82229804992676,2.2424018383026123,3.2767140865325928,0.2208376079797744,0.689299464225769,0.9880781769752502,1.6666139364242554,3.3279271125793457,3.591892004013061,7.154341697692871,4.434065818786621,8.684348106384277,5.216638088226318,9.785815238952637,0.8699722020788011,0.5942572761145418,0.793231775180857,0.6794774396329565,0.9340864917320624,0.6854225388651429,0.1737490935460478,off,default,,
XAI-MeteoFormer,beijing_aotizhongxin,no_fusion,3,0.0,1760927.0,354.1,3.71,0.1683358640525768,21.0,96.0,24.0,256.0,2.0,0.0005,0.01,4.202835559844971,8.266496658325195,68.33496856689453,26.76547813415528,0.6436396837234497,1.9227259159088133,2.5343594551086426,11.940317153930664,15.98491382598877,26.786598205566406,2.250502347946167,3.231882333755493,0.2216866016387939,0.6977934241294861,0.9768866896629332,1.7972908020019531,3.593129873275757,3.5589184761047363,7.150426387786865,4.488230228424072,8.683627128601074,5.154525279998779,9.602089881896973,0.8923313995649022,0.6745522459534528,0.7348706176961602,0.7034207240948814,0.9432633754532392,0.7473246731600339,0.1737490935460478,off,default,,
XAI-MeteoFormer,beijing_aotizhongxin,no_cls,0,0.0,1892255.0,240.2,3.68,0.1701928301479811,14.0,96.0,24.0,256.0,2.0,0.0005,0.01,4.226491928100586,8.25778865814209,68.19107055664062,26.98578834533692,0.6436935663223267,1.9784303903579712,2.619247436523437,11.846508026123049,15.919960975646973,26.905906677246094,2.3918042182922363,3.393226861953736,0.235549196600914,0.689228892326355,0.9719357490539552,2.029612302780152,3.912431478500366,3.547131299972534,6.946663856506348,4.647849559783936,8.930815696716309,5.135817050933838,9.703343391418455,0.5034384819917815,0.184571961689715,0.5435795770728993,0.2755732660959719,0.5233303448998596,0.1770660148719315,0.1737490935460478,off,default,,
XAI-MeteoFormer,beijing_aotizhongxin,no_cls,2,0.0,1892255.0,272.3,3.8,0.1676023269090323,16.0,96.0,24.0,256.0,2.0,0.0005,0.01,4.1753363609313965,8.065549850463867,65.05309295654297,26.75837516784668,0.6497122049331665,1.970852971076965,2.578564167022705,11.64010524749756,15.520570755004885,26.558897018432617,2.3993189334869385,3.425376892089844,0.2362446784973144,0.6910708546638489,0.970578908920288,1.9353834390640257,3.70710563659668,3.633518934249878,7.119077682495117,4.459061622619629,8.567055702209473,5.106335639953613,9.38204860687256,0.5349709934735315,0.1840977310560878,0.4884877573734001,0.26741429700218,0.5234157396151821,0.1768123076317494,0.1737490935460478,off,default,,
XAI-MeteoFormer,beijing_aotizhongxin,no_cls,4,0.0,1892255.0,290.6,3.81,0.1660708625266641,17.0,96.0,24.0,256.0,2.0,0.0005,0.01,4.137753486633301,8.179463386535645,66.90361785888672,26.57889175415039,0.6500129699707031,1.9217103719711304,2.545076847076416,11.670208930969238,15.789024353027344,25.955432891845703,2.2716217041015625,3.30314302444458,0.2236693650484085,0.6874702572822571,0.96591979265213,1.721580982208252,3.429344892501831,3.405267238616944,6.875728607177734,4.398516654968262,8.545452117919922,5.124491214752197,9.514265060424805,0.4559705100314237,0.1763469258398478,0.5805856983861992,0.2705247463779859,0.5046610369331136,0.1774593894198469,0.1737490935460478,off,default,,
Transformer,jena,full,1,0.0,2670137.0,247.0,5.73,0.1749954351123887,8.0,96.0,24.0,256.0,2.0,0.0005,0.0,3.568941116333008,5.878807067871094,34.56037521362305,23.976343154907227,0.6103373765945435,2.6518120765686035,3.4209582805633545,7.953985691070557,10.501495361328123,11.467203140258787,2.758390426635742,3.824082851409912,0.278562992811203,0.9115778207778932,1.2781023979187012,2.0770843029022217,3.2688536643981934,3.069336175918579,5.203847885131836,3.767600059509277,6.214038848876953,4.279191493988037,6.644047737121582,0.7258861806154732,0.2083037615330021,0.9989208483791971,0.3447228767250825,0.9698768282273352,0.6974776139096553,0.0721796807592752,on,default,,
Transformer,jena,full,3,0.0,2670137.0,251.7,5.81,0.1807368500267631,8.0,96.0,24.0,256.0,2.0,0.0005,0.0,3.6119801998138414,5.945000171661377,35.3430290222168,24.27735710144043,0.6021595001220703,2.8412184715271,3.625356674194336,7.938577175140381,10.588292121887209,11.31862735748291,2.7402148246765137,3.803967237472534,0.2767893970012665,0.9279130697250366,1.2832791805267334,2.176007032394409,3.480753183364868,3.2223339080810547,5.552509307861328,3.755782127380371,6.21070671081543,4.299497127532959,6.66921329498291,0.7311559294410891,0.211458159345248,0.998381272568796,0.3489981573640149,0.9708836040049188,0.7165798829334306,0.0721796807592752,on,default,,
Informer,beijing_aotizhongxin,full,1,0.0,2865718.0,205.1,3.76,0.2055593854581356,10.0,96.0,24.0,256.0,2.0,0.0005,0.0,5.099830150604248,9.10957145690918,82.98429107666016,30.584829330444336,0.5868749618530273,3.579195737838745,4.438105583190918,13.231225967407228,17.182296752929688,30.976306915283203,2.878988027572632,4.003762722015381,0.2836060523986816,0.7099078893661499,0.9894731044769288,3.612439155578613,6.05660343170166,4.378421783447266,7.837105751037598,5.261456489562988,9.301081657409668,6.152368068695068,10.875936508178713,0.7403734590282813,0.4009120194117893,0.9998956594323872,0.5723415056589124,0.9666586700568875,0.8375045340572851,0.1737490935460478,on,default,,
Informer,beijing_aotizhongxin,full,3,0.0,2865718.0,170.8,3.81,0.2073325460371381,8.0,96.0,24.0,256.0,2.0,0.0005,0.0,4.9410576820373535,8.878715515136719,78.83158874511719,29.198318481445312,0.5877711772918701,2.942903757095337,3.804911851882935,12.83829116821289,16.759075164794922,31.010311126708984,3.2668397426605225,4.3552021980285645,0.3217679858207702,0.7162001729011536,1.0072274208068848,3.638104200363159,6.205870628356934,4.351959228515625,7.872644424438477,4.9185404777526855,8.831611633300781,5.815405368804932,10.310098648071287,0.7199178148416727,0.382849533954727,1.0,0.5537110503408696,0.9660455682352758,0.8418229140932545,0.1737490935460478,on,default,,
Transformer,beijing_aotizhongxin,full,0,0.0,2668342.0,130.0,3.47,0.2000289025966981,8.0,96.0,24.0,256.0,2.0,0.0005,0.0,4.847573757171631,8.825247764587402,77.88500213623047,29.38768768310547,0.5978139638900757,3.138589382171631,3.9972856044769287,12.692129135131836,16.707786560058594,30.520078659057617,2.8543334007263184,3.926342725753784,0.2812865376472473,0.7052443027496338,0.9976993799209596,3.054147243499756,5.249405384063721,4.343219757080078,7.964442729949951,5.007739543914795,9.0603609085083,5.7166948318481445,10.093790054321287,0.7296350012086052,0.3912262559190116,1.0,0.5624193106685967,0.9691344008627164,0.8480124228539949,0.1737490935460478,on,default,,
Transformer,beijing_aotizhongxin,full,2,0.0,2668342.0,130.2,3.44,0.2037869590087946,8.0,96.0,24.0,256.0,2.0,0.0005,0.0,4.907338619232178,8.92302131652832,79.62030792236328,29.71685218811035,0.5910743474960327,3.105071783065796,4.027413368225098,12.920735359191896,16.892396926879883,30.546396255493164,2.881751775741577,3.9876108169555664,0.283904880285263,0.7217949032783508,1.003510594367981,3.0041863918304443,5.32517671585083,4.400796890258789,8.124988555908203,5.314926624298096,9.48248291015625,5.588408946990967,9.906926155090332,0.7325356538554508,0.3937982797348381,1.0,0.5650721276679376,0.969951616388689,0.8578862957422143,0.1737490935460478,on,default,,
Transformer,beijing_aotizhongxin,full,4,0.0,2668342.0,148.8,3.45,0.2045168725656555,9.0,96.0,24.0,256.0,2.0,0.0005,0.0,4.854166507720947,8.785988807678223,77.193603515625,29.56598663330078,0.593333899974823,3.3399105072021484,4.217663288116455,12.57302474975586,16.588172912597656,30.23504638671875,2.79288101196289,3.847366333007813,0.2749620378017425,0.7108522057533264,1.0080064535140991,2.990853309631348,5.064550876617432,4.162764072418213,7.639325141906738,5.025217056274414,9.059503555297852,5.752992630004883,10.091385841369627,0.7436185641769398,0.4039450391975048,1.0,0.5754428099669768,0.9712270908219308,0.8596873380320992,0.1737490935460478,on,default,,
LSTM,jena,full,1,0.0,834656.0,169.8,3.37,0.1611355436128403,11.0,96.0,24.0,256.0,2.0,0.0005,0.0,3.3011691570281982,5.418949604034424,29.36501693725586,23.19215202331543,0.6586170792579651,2.7060248851776123,3.3652102947235107,7.261935710906982,9.66633129119873,10.419668197631836,2.383962631225586,3.350371837615967,0.2407412528991699,0.8527504801750183,1.213469386100769,1.848673939704895,2.9276514053344727,2.8529109954833984,4.816601753234863,3.428096055984497,5.551198959350586,4.040201187133789,6.269602298736572,0.7703689722941233,0.2390155728587319,0.998879342547628,0.3857318021173095,0.9762660842205412,0.7677359052633594,0.0721796807592752,off,default,,
LSTM,jena,full,3,0.0,834656.0,156.2,3.36,0.1627228099981967,10.0,96.0,24.0,256.0,2.0,0.0005,0.0,3.35297966003418,5.41748571395874,29.349151611328125,23.420419692993164,0.6562733054161072,2.7677271366119385,3.3792426586151123,7.334206581115723,9.634824752807615,10.670599937438965,2.441337823867798,3.41567325592041,0.2465291023254394,0.8686469793319702,1.2168248891830444,1.9919358491897583,3.1327600479125977,2.932589292526245,4.846637725830078,3.455228567123413,5.553865432739258,4.067893028259277,6.29203987121582,0.7766603154060013,0.2440600588414324,0.998505790063504,0.3922454203794135,0.9778540108613784,0.7647344693818656,0.0721796807592752,off,default,,
DLinear,jena,full,0,0.0,4694.0,152.2,3.31,0.1784331608857123,16.0,96.0,24.0,256.0,2.0,0.0005,0.0,3.503378629684448,5.84556770324707,34.17066192626953,23.788129806518555,0.602002739906311,2.3702855110168457,3.0743441581726074,7.713346004486084,10.387795448303224,11.23631763458252,3.013901710510254,4.1975812911987305,0.3044743537902832,0.9159809947013856,1.305790662765503,1.075946807861328,1.8359713554382324,3.040761709213257,5.143702030181885,3.837532758712769,6.253796100616455,4.306796073913574,6.747034549713135,0.6909632345892053,0.1888317760687662,0.9956833935167893,0.3174575867453617,0.965593992281638,0.6885473890900764,0.0721796807592752,on,default,,
DLinear,jena,full,2,0.0,4694.0,109.0,3.38,0.1784813090408728,12.0,96.0,24.0,256.0,2.0,0.0005,0.0,3.5133635997772217,5.850565910339356,34.229122161865234,23.757551193237305,0.6021789312362671,2.3894238471984863,3.094223976135254,7.719161987304687,10.386160850524902,11.260443687438965,3.030858278274536,4.216061592102051,0.3061827421188354,0.9140075445175172,1.3018286228179932,1.1221877336502075,1.906787395477295,3.065035581588745,5.174731254577637,3.843865156173706,6.25165319442749,4.29925012588501,6.7462477684021,0.6918679896462467,0.1893013531105763,0.9958494168430664,0.3181293838422678,0.9653579763881706,0.6867600128372058,0.0721796807592752,on,default,,
DLinear,jena,full,4,0.0,4694.0,137.7,3.07,0.1783073961618035,15.0,96.0,24.0,256.0,2.0,0.0005,0.0,3.500572919845581,5.844238758087158,34.155128479003906,23.75208282470703,0.6021604537963867,2.360952138900757,3.065801858901977,7.708097457885742,10.388748168945312,11.232718467712402,3.015830993652344,4.193933010101318,0.304661363363266,0.9174081683158876,1.3062355518341064,1.0806503295898438,1.835138797760009,3.054405689239502,5.156906604766846,3.830979585647583,6.243340969085693,4.291776657104492,6.759430885314941,0.6904988735499952,0.1886212480935834,0.9958494168430664,0.3171684457516772,0.9657739633278084,0.6881355237451428,0.0721796807592752,on,default,,
DLinear,beijing_aotizhongxin,full,2,0.0,4692.0,62.0,2.04,0.1835834386340277,14.0,96.0,24.0,256.0,2.0,0.0005,0.0,4.441452980041504,8.454724311828613,71.48236083984375,28.526586532592773,0.6173042058944702,2.273618698120117,2.960232973098755,11.952281951904297,16.151779174804688,29.14043617248535,2.8357067108154297,3.909946203231812,0.2792868614196777,0.704200029373169,0.9994103312492372,1.6427816152572632,3.09096360206604,3.914796829223633,7.339619159698486,4.816012382507324,8.995780944824219,5.378652572631836,9.820279121398926,0.7105571670292482,0.3751125259298882,1.0,0.5455735714082409,0.9721421134200386,0.8689873476839173,0.1737490935460478,on,default,,
DLinear,beijing_aotizhongxin,full,4,0.0,4692.0,71.5,2.1,0.1833377134792918,16.0,96.0,24.0,256.0,2.0,0.0005,0.0,4.430727481842041,8.446456909179688,71.34263610839844,28.4731388092041,0.6170070171356201,2.2413928508758545,2.9266748428344727,11.939557075500488,16.13922119140625,29.03824234008789,2.83667254447937,3.915181159973145,0.2793767154216766,0.7052907943725586,1.001037359237671,1.6153076887130735,3.0497593879699707,3.902114391326904,7.32582426071167,4.805600643157959,8.99045467376709,5.366302967071533,9.802170753479004,0.7100918540004835,0.3747360738211297,1.0,0.5451752972183773,0.9722902153960662,0.8685618485055807,0.1737490935460478,on,default,,
LSTM,beijing_aotizhongxin,full,1,0.0,833632.0,72.4,1.95,0.187911364777552,11.0,96.0,24.0,256.0,2.0,0.0005,0.0,4.710059642791748,8.734411239624023,76.28994750976562,29.17999839782715,0.6176701784133911,3.334824085235596,4.209719181060791,12.324109077453612,16.56783676147461,30.361207962036133,2.5113964080810547,3.4655978679656982,0.247381255030632,0.6699094772338867,0.9666966199874878,3.190152168273926,5.438920974731445,4.222380638122559,7.750481605529785,4.909854888916016,9.126176834106444,5.5581159591674805,9.920071601867676,0.7666968817984047,0.4268471919119939,1.0,0.5983082061366545,0.9696980422577244,0.855384866968823,0.1737490935460478,off,default,,
LSTM,beijing_aotizhongxin,full,3,0.0,833632.0,66.5,1.87,0.1863670989954615,11.0,96.0,24.0,256.0,2.0,0.0005,0.0,4.7762451171875,8.729639053344727,76.20659637451172,29.61370658874512,0.6178532838821411,3.3259711265563965,4.223809719085693,12.507722854614258,16.544065475463867,29.92280960083008,2.595420360565185,3.514044046401977,0.2558128535747528,0.6758593916893005,0.964939296245575,3.2037384510040283,5.506255626678467,4.196071147918701,7.581138610839844,4.959256649017334,9.057883262634276,5.590320110321045,9.963604927062988,0.7481266618322456,0.4082235347569287,1.0,0.5797709307952895,0.9693846257648386,0.8488497855794046,0.1737490935460478,off,default,,
