model,dataset,ablation,seed,variant,block_len,n_windows,test_stride,MAE,RMSE,MAE_T,RMSE_T,MAE_RH,RMSE_RH,MAE_P,RMSE_P,MAE_WS,RMSE_WS
Autoformer,jena,full,0,none,16,2782,5,3.83553409576416,6.043105602264404,2.6196887493133545,3.326026678085327,8.107664108276367,10.545475959777832,3.6451046466827393,4.692714691162109,0.969679594039917,1.3361865282058716
Autoformer,jena,full,0,A_end,16,2782,5,4.914607048034668,7.59600830078125,3.2699685096740723,4.101557731628418,10.116128921508787,12.92180061340332,5.172985553741455,6.692216396331787,1.0993424654006958,1.488581299781799
Autoformer,jena,full,0,B_start,16,2782,5,4.133142948150635,6.43345832824707,2.6637279987335205,3.357680320739746,8.618146896362305,11.044068336486816,4.250080108642578,5.515190601348877,1.0006121397018433,1.3765043020248413
Autoformer,jena,full,1,none,16,2782,5,4.12506628036499,6.447346210479736,3.0477304458618164,3.7880263328552246,8.650209426879883,11.158509254455566,3.836750030517578,5.0678534507751465,0.965576946735382,1.3147094249725342
Autoformer,jena,full,1,A_end,16,2782,5,5.447322368621826,8.327911376953125,3.869031190872192,4.756860256195068,11.423386573791504,14.2882661819458,5.374059677124023,6.9543280601501465,1.1228114366531372,1.5071465969085691
Autoformer,jena,full,1,B_start,16,2782,5,4.233284950256348,6.557824611663818,3.1406595706939697,3.868490695953369,8.811269760131836,11.286735534667969,4.004166603088379,5.273052215576172,0.9770407676696776,1.3636512756347656
Autoformer,jena,full,2,none,16,2782,5,3.956766366958618,6.186116695404053,3.104809045791626,3.909432172775269,8.252239227294922,10.687098503112791,3.52032208442688,4.670466423034668,0.9496938586235046,1.3270996809005735
Autoformer,jena,full,2,A_end,16,2782,5,5.135867595672607,7.809139251708984,3.8845407962799072,4.738828182220459,10.505070686340332,13.246456146240234,5.06864070892334,6.616982936859131,1.0852148532867432,1.490322828292847
Autoformer,jena,full,2,B_start,16,2782,5,4.209983825683594,6.470469951629639,3.184615135192871,3.9921064376831055,8.564894676208496,10.975293159484863,4.103798866271973,5.398651123046875,0.986626148223877,1.388717532157898
Autoformer,jena,full,3,none,16,2782,5,3.96291446685791,6.224761486053467,2.817784309387207,3.522562026977539,8.323863983154297,10.76661205291748,3.737215757369995,4.986008167266846,0.9727962017059326,1.3423638343811035
Autoformer,jena,full,3,A_end,16,2782,5,5.0888495445251465,7.799678325653076,3.429260730743408,4.291267395019531,10.548627853393556,13.21339511871338,5.285966396331787,6.934304237365723,1.0915427207946775,1.4988563060760498
Autoformer,jena,full,3,B_start,16,2782,5,4.138433456420898,6.4484381675720215,2.9986133575439453,3.7245688438415527,8.612332344055176,11.076818466186523,3.953496217727661,5.280339241027832,0.9892948865890504,1.3708102703094482
Autoformer,jena,full,4,none,16,2782,5,4.058823585510254,6.435664176940918,2.928871154785156,3.6681182384490967,8.668540000915527,11.245162010192873,3.676435232162475,4.897627353668213,0.9614478349685668,1.3325244188308716
Autoformer,jena,full,4,A_end,16,2782,5,5.188751697540283,7.998069763183594,3.5270450115203857,4.427760601043701,10.786321640014648,13.604439735412598,5.342803955078125,6.989936351776123,1.0988357067108154,1.526889681816101
Autoformer,jena,full,4,B_start,16,2782,5,4.207425594329834,6.628475666046143,3.1065938472747803,3.8658926486968994,8.958502769470215,11.560952186584473,3.7841994762420654,5.0300188064575195,0.9804083704948424,1.3582993745803833
Crossformer,jena,full,0,none,16,2782,5,3.0833890438079834,5.154646873474121,2.3585903644561768,2.9482054710388184,7.000883102416992,9.297616004943848,2.141787052154541,3.109840631484986,0.8322948813438416,1.2136073112487793
Crossformer,jena,full,0,A_end,16,2782,5,4.875988960266113,7.75412654876709,3.578967809677124,4.493776321411133,10.60099983215332,13.665620803833008,4.308320045471191,5.606019973754883,1.0156711339950562,1.4612435102462769
Crossformer,jena,full,0,B_start,16,2782,5,3.0967633724212646,5.180423259735107,2.372857570648194,2.9615957736968994,7.029417514801025,9.34696102142334,2.1504604816436768,3.119107961654663,0.8343188762664795,1.217194676399231
Crossformer,jena,full,1,none,16,2782,5,3.1055712699890137,5.198526382446289,2.5487585067749023,3.2871925830841064,6.905019760131836,9.27993869781494,2.1370983123779297,3.1131019592285156,0.8314071893692017,1.2183570861816406
Crossformer,jena,full,1,A_end,16,2782,5,4.968961238861084,7.84441614151001,3.8566973209381104,4.93604040145874,10.597148895263672,13.68300437927246,4.392971992492676,5.694187641143799,1.029024600982666,1.4582823514938354
Crossformer,jena,full,1,B_start,16,2782,5,3.126953125,5.228786468505859,2.5801291465759277,3.312580823898315,6.955341339111328,9.337163925170898,2.140840530395508,3.1173033714294434,0.8315033912658691,1.2195978164672852
Crossformer,jena,full,2,none,16,2782,5,3.1356711387634277,5.180815696716309,2.605387926101685,3.197275876998902,6.858780860900879,9.244197845458984,2.2484023571014404,3.1965408325195312,0.8301112055778503,1.2115068435668943
Crossformer,jena,full,2,A_end,16,2782,5,4.9322190284729,7.7385101318359375,3.814045190811157,4.74978494644165,10.529223442077637,13.524799346923828,4.370907783508301,5.653531551361084,1.0146973133087158,1.4474118947982788
Crossformer,jena,full,2,B_start,16,2782,5,3.1571240425109863,5.218957424163818,2.6100404262542725,3.2012147903442383,6.940217971801758,9.327764511108398,2.247781991958618,3.197976589202881,0.8304541110992432,1.2116267681121826
Crossformer,jena,full,3,none,16,2782,5,3.1031103134155273,5.141911506652832,2.5198254585266113,3.1299898624420166,6.961837291717529,9.2300386428833,2.083796501159668,3.0546798706054688,0.8469848036766052,1.1981278657913208
Crossformer,jena,full,3,A_end,16,2782,5,4.901659965515137,7.736470699310303,3.6142523288726807,4.532677173614502,10.582098007202148,13.589630126953123,4.360496520996094,5.661435127258301,1.0497936010360718,1.4617931842803955
Crossformer,jena,full,3,B_start,16,2782,5,3.123322010040283,5.168955326080322,2.5410280227661133,3.149123191833496,7.0154194831848145,9.282435417175291,2.0889031887054443,3.05782699584961,0.8479399085044861,1.2006242275238037
Crossformer,jena,full,4,none,16,2782,5,3.123711585998535,5.175003528594971,2.623115301132202,3.240736246109009,6.9411540031433105,9.254109382629396,2.099495649337769,3.085134744644165,0.8310794234275818,1.209826946258545
Crossformer,jena,full,4,A_end,16,2782,5,4.919938564300537,7.687535762786865,3.749927759170532,4.639024257659912,10.470610618591309,13.40317726135254,4.445523738861084,5.758675575256348,1.01369047164917,1.4369354248046875
Crossformer,jena,full,4,B_start,16,2782,5,3.143667459487915,5.201125621795654,2.636927604675293,3.247974395751953,7.003687858581543,9.309024810791016,2.1021299362182617,3.0872135162353516,0.8319237232208252,1.2118889093399048
DLinear,jena,full,0,none,16,2782,5,3.421058416366577,5.756481170654297,2.121896982192993,2.8011398315429688,7.711975574493408,10.329111099243164,2.9207229614257812,4.039531707763672,0.9296388626098632,1.301371932029724
DLinear,jena,full,0,A_end,16,2782,5,5.591352939605713,9.133552551269531,3.6162109375,4.605511665344238,13.06075954437256,16.61747932434082,4.423323154449463,5.773130416870117,1.2651166915893557,1.733994960784912
DLinear,jena,full,0,B_start,16,2782,5,3.495765686035156,5.866955280303955,2.1765918731689453,2.859173536300659,7.952049255371094,10.56009578704834,2.920186758041382,4.035399436950684,0.9342342019081116,1.307552456855774
DLinear,jena,full,1,none,16,2782,5,3.423389434814453,5.764315605163574,2.1110904216766357,2.782576322555542,7.720701217651367,10.349332809448242,2.93155288696289,4.044259071350098,0.9302167296409608,1.3045742511749268
DLinear,jena,full,1,A_end,16,2782,5,5.633812427520752,9.209894180297852,3.634353637695313,4.630314350128174,13.182960510253906,16.766830444335938,4.445473670959473,5.802874565124512,1.2724624872207642,1.7460823059082031
DLinear,jena,full,1,B_start,16,2782,5,3.4914767742156982,5.862191677093506,2.160292863845825,2.8345541954040527,7.938290119171143,10.553616523742676,2.933122158050537,4.041196823120117,0.9342023134231568,1.3101047277450562
DLinear,jena,full,2,none,16,2782,5,3.4326858520507812,5.769264221191406,2.1217198371887207,2.790621280670166,7.716082572937012,10.341304779052734,2.96530818939209,4.088813781738281,0.9276316165924072,1.2996504306793213
DLinear,jena,full,2,A_end,16,2782,5,5.589019298553467,9.120681762695312,3.6041464805603023,4.589816093444824,13.032090187072754,16.577226638793945,4.456421852111816,5.820065498352051,1.2634189128875732,1.733002543449402
DLinear,jena,full,2,B_start,16,2782,5,3.500803232192993,5.866469860076904,2.171703338623047,2.8416497707366943,7.931511878967285,10.54408359527588,2.968421697616577,4.087166786193848,0.9315767288208008,1.3054660558700562
DLinear,jena,full,3,none,16,2782,5,3.4366679191589355,5.773428440093994,2.1208465099334717,2.79122543334961,7.738409519195557,10.356378555297852,2.960538148880005,4.074024677276611,0.9268777966499328,1.2987236976623535
DLinear,jena,full,3,A_end,16,2782,5,5.6251654624938965,9.191282272338867,3.629734516143799,4.623794078826904,13.152711868286133,16.726362228393555,4.4489240646362305,5.808482646942139,1.269292950630188,1.7405602931976318
DLinear,jena,full,3,B_start,16,2782,5,3.501410961151123,5.864171981811523,2.1677141189575195,2.8389077186584473,7.944778919219971,10.545502662658691,2.963026762008667,4.072822093963623,0.930122435092926,1.3035095930099487
DLinear,jena,full,4,none,16,2782,5,3.4188501834869385,5.751934051513672,2.1199958324432373,2.8000333309173584,7.702386856079102,10.321853637695312,2.923762798309326,4.032851219177246,0.9292575716972352,1.3016374111175537
DLinear,jena,full,4,A_end,16,2782,5,5.608264923095703,9.166893005371094,3.6310391426086426,4.625500202178955,13.112160682678224,16.68537139892578,4.424336910247803,5.7725067138671875,1.2655248641967771,1.7346689701080322
DLinear,jena,full,4,B_start,16,2782,5,3.4763031005859375,5.830958366394043,2.1595942974090576,2.840780258178711,7.889298439025879,10.487287521362305,2.924520969390869,4.030200481414795,0.9317998290061952,1.3055740594863892
Informer,jena,full,0,none,16,2782,5,3.4088919162750244,5.631262302398682,2.733806848526001,3.434682846069336,7.447398662567139,10.031166076660156,2.6039249897003174,3.5981969833374023,0.850438117980957,1.2149524688720703
Informer,jena,full,0,A_end,16,2782,5,5.565383434295654,8.946537971496582,3.934133291244507,4.962483882904053,12.45418643951416,15.970327377319336,4.783818244934082,6.17994499206543,1.089400053024292,1.5142145156860352
Informer,jena,full,0,B_start,16,2782,5,3.520730972290039,5.735877513885498,2.7951273918151855,3.4961202144622803,7.693167686462402,10.20409870147705,2.7351276874542236,3.7069032192230225,0.8595011234283447,1.2302515506744385
Informer,jena,full,1,none,16,2782,5,3.430264472961426,5.552175521850586,2.9725284576416016,3.739592313766479,7.176700115203857,9.681597709655762,2.7273805141448975,3.752354860305786,0.8444491028785706,1.2282347679138184
Informer,jena,full,1,A_end,16,2782,5,5.634082317352295,9.060953140258787,4.166106224060059,5.277806758880615,12.424890518188477,16.063161849975586,4.858189582824707,6.3381571769714355,1.0871440172195437,1.5332545042037964
Informer,jena,full,1,B_start,16,2782,5,3.622172117233277,5.792059421539307,3.1258580684661865,3.901905059814453,7.664326190948486,10.124053955078123,2.8293771743774414,3.854584455490112,0.8691241145133972,1.269899606704712
Informer,jena,full,2,none,16,2782,5,3.465299367904663,5.668667793273926,2.8988442420959473,3.5668179988861084,7.592097759246826,10.104248046875,2.489990234375,3.495100736618042,0.8802659511566162,1.225317358970642
Informer,jena,full,2,A_end,16,2782,5,5.315201282501221,8.546603202819824,3.837170839309693,4.827569007873535,11.779590606689451,15.196932792663574,4.5269575119018555,5.961951732635498,1.1170886754989624,1.5429296493530271
Informer,jena,full,2,B_start,16,2782,5,3.6413216590881343,5.9243597984313965,3.0279345512390137,3.732914924621582,8.064179420471191,10.576231956481934,2.575468063354492,3.607452630996704,0.8977025747299194,1.2598057985305786
Informer,jena,full,3,none,16,2782,5,3.5662240982055664,5.781706809997559,3.291792631149292,3.991908311843872,7.521903991699219,10.164523124694824,2.5964999198913574,3.602060556411743,0.8547002077102661,1.2185331583023071
Informer,jena,full,3,A_end,16,2782,5,5.579024314880371,8.876938819885254,4.325107097625732,5.355979919433594,12.300688743591309,15.751032829284668,4.598325729370117,6.0110297203063965,1.0919768810272217,1.5119924545288086
Informer,jena,full,3,B_start,16,2782,5,3.644702434539795,5.834213733673096,3.317265510559082,4.022127628326416,7.711545467376709,10.231345176696776,2.685148000717163,3.710132598876953,0.8648494482040405,1.2365976572036743
Informer,jena,full,4,none,16,2782,5,3.412683486938477,5.557662487030029,2.823208808898926,3.5042564868927,7.381959915161133,9.841089248657228,2.599970817565918,3.597806215286255,0.8455951809883118,1.2163022756576538
Informer,jena,full,4,A_end,16,2782,5,5.522222995758057,8.851036071777344,3.9592642784118657,4.95793342590332,12.209383964538574,15.731439590454102,4.814205646514893,6.238877773284912,1.1060394048690796,1.5428615808486938
Informer,jena,full,4,B_start,16,2782,5,3.5787267684936523,5.8107380867004395,2.900333881378174,3.5825562477111816,7.828376293182373,10.333083152770996,2.722945213317871,3.7282776832580566,0.8632506728172302,1.2455158233642578
LSTM,jena,full,0,none,16,2782,5,3.383465528488159,5.577944278717041,2.498152494430542,3.179598331451416,7.623429298400879,10.000377655029297,2.531200408935547,3.5668675899505615,0.8810797333717346,1.2703943252563477
LSTM,jena,full,0,A_end,16,2782,5,5.651977062225342,9.115035057067873,4.088168144226074,5.2345709800720215,12.77830982208252,16.325868606567383,4.561526775360107,5.976836204528809,1.179906129837036,1.636508226394653
LSTM,jena,full,0,B_start,16,2782,5,3.4237139225006104,5.651993274688721,2.5006918907165527,3.1850874423980713,7.760805606842041,10.158472061157228,2.544609308242798,3.578218698501587,0.8887494802474976,1.2795066833496094
LSTM,jena,full,1,none,16,2782,5,3.344972610473633,5.55753231048584,2.5669634342193604,3.2722043991088867,7.553015232086182,9.978781700134276,2.379814386367798,3.415269374847412,0.8800959587097168,1.2638053894042969
LSTM,jena,full,1,A_end,16,2782,5,5.837355136871338,9.389892578125,4.449768543243408,5.675635814666748,13.139644622802734,16.793642044067383,4.554502010345459,5.973471641540527,1.2055031061172483,1.6609097719192505
LSTM,jena,full,1,B_start,16,2782,5,3.379127264022827,5.616339206695557,2.5606889724731445,3.264689683914185,7.673218250274658,10.106403350830078,2.3961024284362793,3.4287772178649902,0.8864988088607788,1.2723772525787354
LSTM,jena,full,2,none,16,2782,5,3.3357560634613037,5.572638988494873,2.301454782485962,2.9633049964904785,7.670677661895752,10.06702709197998,2.480809211730957,3.53299617767334,0.8900831341743469,1.2684451341629028
LSTM,jena,full,2,A_end,16,2782,5,5.764745235443115,9.382301330566406,4.098978519439697,5.264904499053955,13.203883171081545,16.901592254638672,4.5789794921875,6.006909370422363,1.1771414279937744,1.626107096672058
LSTM,jena,full,2,B_start,16,2782,5,3.376988649368286,5.64099645614624,2.315981864929199,2.973201274871826,7.8029046058654785,10.21264362335205,2.493049144744873,3.5375826358795166,0.8960185647010803,1.2770475149154663
LSTM,jena,full,3,none,16,2782,5,3.376150369644165,5.568910598754883,2.460145950317383,3.129929780960083,7.627804756164551,9.994288444519045,2.5292093753814697,3.573380470275879,0.8874413371086121,1.2648191452026367
LSTM,jena,full,3,A_end,16,2782,5,5.725832939147949,9.2402925491333,4.138063430786133,5.283775329589844,13.000568389892578,16.59355354309082,4.5634765625,5.961643218994141,1.2012248039245603,1.6512250900268557
LSTM,jena,full,3,B_start,16,2782,5,3.422426223754883,5.653941631317139,2.462397575378418,3.1327216625213623,7.801259517669678,10.181272506713867,2.532313346862793,3.573868751525879,0.8937335014343262,1.2741358280181885
LSTM,jena,full,4,none,16,2782,5,3.344326972961426,5.535584926605225,2.483104944229126,3.1645700931549072,7.57427167892456,9.941838264465332,2.4339253902435303,3.481034994125366,0.8860058784484863,1.2643312215805054
LSTM,jena,full,4,A_end,16,2782,5,5.706456184387207,9.20251178741455,4.220950126647949,5.370279312133789,12.866803169250488,16.48237419128418,4.55132532119751,5.963522911071777,1.1867446899414062,1.6348631381988523
LSTM,jena,full,4,B_start,16,2782,5,3.3791966438293457,5.596395492553711,2.477408647537231,3.1570394039154053,7.679323196411133,10.069217681884766,2.4658901691436768,3.5074849128723145,0.8941643834114075,1.2728166580200195
PatchTST,jena,full,0,none,16,2782,5,3.3513779640197754,5.679869174957275,2.3633601665496826,3.075474500656128,7.770351886749268,10.316376686096191,2.3636629581451416,3.3922650814056396,0.9081369638442992,1.2845284938812256
PatchTST,jena,full,0,A_end,16,2782,5,5.281563758850098,8.487274169921875,3.6026477813720703,4.605023384094238,11.79244327545166,15.107414245605469,4.591402053833008,6.014619827270508,1.1397596597671509,1.5872784852981567
PatchTST,jena,full,0,B_start,16,2782,5,3.4201364517211914,5.801721096038818,2.3611257076263428,3.09948992729187,8.027697563171387,10.573352813720703,2.368277788162231,3.3928885459899902,0.9234471321105956,1.3136028051376345
PatchTST,jena,full,1,none,16,2782,5,3.3641927242279053,5.622316837310791,2.3450794219970703,3.027764081954956,7.805571556091309,10.203136444091797,2.3933472633361816,3.39435076713562,0.9127739667892456,1.2840694189071655
PatchTST,jena,full,1,A_end,16,2782,5,5.094578742980957,8.119403839111328,3.4335339069366455,4.363791465759277,11.196935653686523,14.329268455505373,4.637749195098877,6.07835054397583,1.1100949048995972,1.5433354377746582
PatchTST,jena,full,1,B_start,16,2782,5,3.4377572536468506,5.7510085105896,2.3606231212615967,3.0636301040649414,8.05206298828125,10.469470024108888,2.41392183303833,3.404052972793579,0.9244232177734376,1.3088778257369995
PatchTST,jena,full,2,none,16,2782,5,3.3425838947296143,5.641208171844482,2.3586859703063965,3.0552263259887695,7.768750190734863,10.237588882446287,2.331590175628662,3.389596700668335,0.9113078117370604,1.288763165473938
PatchTST,jena,full,2,A_end,16,2782,5,5.298788547515869,8.526382446289062,3.5766024589538574,4.562003135681152,11.846288681030272,15.19789218902588,4.618130683898926,6.035181045532227,1.1541354656219482,1.6079885959625244
PatchTST,jena,full,2,B_start,16,2782,5,3.411080837249756,5.784046173095703,2.367061138153076,3.105419397354126,8.028353691101074,10.544456481933594,2.321186065673828,3.3543624877929688,0.92772114276886,1.319035530090332
PatchTST,jena,full,3,none,16,2782,5,3.3762640953063965,5.675252437591553,2.4149527549743652,3.1234796047210693,7.812215328216553,10.290960311889648,2.3813042640686035,3.3959476947784424,0.8965842723846436,1.281214475631714
PatchTST,jena,full,3,A_end,16,2782,5,5.285809516906738,8.525814056396484,3.5676934719085693,4.5465288162231445,11.839672088623049,15.19792652130127,4.6191864013671875,6.053869247436523,1.1166857481002808,1.568686604499817
PatchTST,jena,full,3,B_start,16,2782,5,3.499030113220215,5.893444538116455,2.5172572135925293,3.2752468585968018,8.18017864227295,10.723162651062012,2.3809306621551514,3.3899145126342773,0.9177534580230712,1.3136800527572632
PatchTST,jena,full,4,none,16,2782,5,3.3256494998931885,5.60879373550415,2.3119988441467285,2.9955644607543945,7.67343807220459,10.187310218811035,2.4051742553710938,3.381394624710083,0.9119877219200134,1.2828694581985474
PatchTST,jena,full,4,A_end,16,2782,5,5.190088272094727,8.319483757019043,3.528775453567505,4.478696823120117,11.485113143920898,14.758004188537598,4.623122692108154,6.047991752624512,1.123342990875244,1.555509328842163
PatchTST,jena,full,4,B_start,16,2782,5,3.401456356048584,5.739577770233154,2.3186957836151123,3.029618740081787,7.941421985626221,10.458474159240724,2.4175052642822266,3.391775131225586,0.928200364112854,1.307131290435791
TFT,jena,full,0,none,16,2782,5,3.327855110168457,5.480832576751709,2.626248598098755,3.3217079639434814,7.414385318756104,9.799423217773438,2.392876148223877,3.398658990859986,0.8779104351997375,1.2428827285766602
TFT,jena,full,0,A_end,16,2782,5,6.3056721687316895,10.250550270080566,4.659386157989502,5.833989143371582,14.770467758178713,18.647632598876953,4.554696559906006,5.979529857635498,1.2381367683410645,1.6645463705062866
TFT,jena,full,0,B_start,16,2782,5,3.3663125038146973,5.531144142150879,2.5977416038513184,3.2967538833618164,7.5669379234313965,9.913179397583008,2.413200616836548,3.4153854846954346,0.8873681426048279,1.2528480291366575
TFT,jena,full,1,none,16,2782,5,3.4216175079345703,5.581630229949951,2.5690438747406006,3.2870161533355713,7.591055393218994,9.928352355957031,2.648239850997925,3.6937742233276367,0.8781318068504333,1.2640199661254885
TFT,jena,full,1,A_end,16,2782,5,6.080024242401123,9.935147285461426,4.2909393310546875,5.4498724937438965,14.00580883026123,17.962827682495117,4.815715789794922,6.299212455749512,1.207638144493103,1.6686089038848877
TFT,jena,full,1,B_start,16,2782,5,3.472885847091675,5.675628662109375,2.6402533054351807,3.3778066635131836,7.728270053863525,10.114879608154297,2.6308064460754395,3.674487352371216,0.8922134041786194,1.2762497663497925
TFT,jena,full,2,none,16,2782,5,3.435297966003418,5.571394443511963,2.6267831325531006,3.3157689571380615,7.536027431488037,9.879867553710938,2.708031177520752,3.743061065673828,0.87035071849823,1.243040919303894
TFT,jena,full,2,A_end,16,2782,5,5.640681266784668,9.02996063232422,3.976034164428711,5.024035930633545,12.758130073547363,16.140575408935547,4.684213638305664,6.153249740600586,1.1443452835083008,1.5934721231460571
TFT,jena,full,2,B_start,16,2782,5,3.4836699962615967,5.6942949295043945,2.594679117202759,3.296998977661133,7.754817008972168,10.158173561096191,2.7055916786193848,3.750535011291504,0.8795913457870483,1.2549002170562744
TFT,jena,full,3,none,16,2782,5,3.305576801300049,5.52817964553833,2.281240463256836,2.93652606010437,7.669412136077881,10.025212287902832,2.3988423347473145,3.3961784839630127,0.8728115558624268,1.2573647499084473
TFT,jena,full,3,A_end,16,2782,5,5.838768482208252,9.606485366821287,4.047407627105713,5.182779788970947,13.563797950744627,17.41753578186035,4.609773635864258,6.034148216247559,1.134095311164856,1.5797184705734253
TFT,jena,full,3,B_start,16,2782,5,3.357604742050171,5.622750759124756,2.31353497505188,2.987571954727173,7.804154396057129,10.205448150634766,2.428833484649658,3.431105852127075,0.8838942050933838,1.269655704498291
TFT,jena,full,4,none,16,2782,5,3.44734263420105,5.614268779754639,2.408172369003296,3.082911252975464,7.577818870544434,9.961606979370115,2.9226062297821045,3.9724841117858887,0.8807739615440369,1.2495793104171753
TFT,jena,full,4,A_end,16,2782,5,6.36573600769043,10.684005737304688,4.1746296882629395,5.284401893615723,15.431201934814451,19.721174240112305,4.622081756591797,6.074949264526367,1.2350302934646606,1.6844559907913208
TFT,jena,full,4,B_start,16,2782,5,3.5415499210357666,5.785768508911133,2.4368255138397217,3.1293625831604004,7.883173942565918,10.31397533416748,2.954336643218994,4.016437530517578,0.8918660283088684,1.26399028301239
TimesNet,jena,full,0,none,16,2782,5,3.2943925857543945,5.439698696136475,2.3863322734832764,3.0285518169403076,7.43040657043457,9.764768600463867,2.484217882156372,3.5056910514831543,0.8766125440597534,1.2444298267364502
TimesNet,jena,full,0,A_end,16,2782,5,5.129449844360352,8.151616096496582,3.551203966140747,4.510623455047607,11.200780868530272,14.333026885986328,4.6664605140686035,6.135435581207275,1.0993528366088867,1.5396074056625366
TimesNet,jena,full,0,B_start,16,2782,5,3.3650014400482178,5.55466365814209,2.5250720977783203,3.1980488300323486,7.565531253814697,9.963470458984377,2.482792854309082,3.5106728076934814,0.8866089582443237,1.2625690698623655
TimesNet,jena,full,1,none,16,2782,5,3.321784734725952,5.480993270874023,2.3907153606414795,3.05452036857605,7.490447998046875,9.830573081970217,2.5299861431121826,3.5545825958251953,0.8759891390800476,1.2489322423934937
TimesNet,jena,full,1,A_end,16,2782,5,5.061067581176758,7.958582401275635,3.5861496925354004,4.5450944900512695,10.833847045898438,13.872511863708496,4.691115379333496,6.1451945304870605,1.133158564567566,1.5774343013763428
TimesNet,jena,full,1,B_start,16,2782,5,3.386579751968384,5.595522880554199,2.4121265411376953,3.1010916233062744,7.688775062561035,10.05885887145996,2.5540878772735596,3.5838773250579834,0.8913297653198242,1.264082670211792
TimesNet,jena,full,2,none,16,2782,5,3.3003146648406982,5.475086688995361,2.387582778930664,3.059614896774292,7.403083801269531,9.813632011413574,2.5389411449432373,3.5578885078430176,0.8716514110565186,1.2566194534301758
TimesNet,jena,full,2,A_end,16,2782,5,4.944954872131348,7.835331916809082,3.430112361907959,4.357718467712402,10.685544967651367,13.718213081359863,4.570899963378906,6.000457763671875,1.0932663679122925,1.5443965196609497
TimesNet,jena,full,2,B_start,16,2782,5,3.385730028152466,5.622869968414307,2.445971727371216,3.1443793773651123,7.649881839752197,10.104876518249512,2.5642104148864746,3.58544659614563,0.882856011390686,1.2710561752319336
TimesNet,jena,full,3,none,16,2782,5,3.3194990158081055,5.456386089324951,2.4727487564086914,3.155827760696411,7.364551067352295,9.718637466430664,2.5585057735443115,3.620728731155395,0.8821921348571777,1.2521051168441772
TimesNet,jena,full,3,A_end,16,2782,5,5.059109687805176,7.9453630447387695,3.643146276473999,4.616952419281006,10.809499740600586,13.799882888793944,4.695814609527588,6.19985818862915,1.0879826545715332,1.52444589138031
TimesNet,jena,full,3,B_start,16,2782,5,3.408769369125366,5.6133551597595215,2.5345458984375,3.255524158477783,7.614760875701904,10.027992248535156,2.583810567855835,3.640043258666992,0.901958703994751,1.276732325553894
TimesNet,jena,full,4,none,16,2782,5,3.3300774097442627,5.478079319000244,2.51054310798645,3.167769193649292,7.437577247619629,9.788487434387209,2.500195026397705,3.5470879077911377,0.8719935417175293,1.2674095630645752
TimesNet,jena,full,4,A_end,16,2782,5,4.832087516784668,7.570868015289307,3.51037859916687,4.459889888763428,10.149947166442873,13.042667388916016,4.60222864151001,6.079137325286865,1.06579327583313,1.5213245153427124
TimesNet,jena,full,4,B_start,16,2782,5,3.45288610458374,5.680866718292236,2.617633581161499,3.3193349838256836,7.79499626159668,10.185218811035156,2.5108749866485596,3.559760808944702,0.8880384564399719,1.28857421875
Transformer,jena,full,0,none,16,2782,5,3.482887029647827,5.703875541687012,2.826927900314331,3.5565006732940674,7.551199913024902,10.115479469299316,2.6850104331970215,3.6972815990448,0.8684107065200806,1.2228217124938965
Transformer,jena,full,0,A_end,16,2782,5,5.926512241363525,9.52027702331543,4.4267377853393555,5.495193958282471,13.718048095703123,17.234163284301758,4.399035453796387,5.738336086273193,1.162231683731079,1.5494186878204346
Transformer,jena,full,0,B_start,16,2782,5,3.4581825733184814,5.647960186004639,2.8509068489074707,3.5611400604248047,7.444763660430908,9.99675464630127,2.6701998710632324,3.672731399536133,0.8668621182441711,1.2214876413345337
Transformer,jena,full,1,none,16,2782,5,3.3638248443603516,5.55211877822876,2.6381452083587646,3.3704824447631836,7.358242034912109,9.867627143859863,2.5993072986602783,3.618188381195069,0.8596048951148987,1.2176154851913452
Transformer,jena,full,1,A_end,16,2782,5,6.089043140411377,10.01490592956543,4.499618053436279,5.694244861602783,14.250932693481444,18.233245849609375,4.450729846954346,5.81548547744751,1.1548941135406494,1.5804120302200315
Transformer,jena,full,1,B_start,16,2782,5,3.358317613601685,5.53053617477417,2.623209238052368,3.352549314498902,7.3320393562316895,9.825701713562012,2.620980739593506,3.616074800491333,0.8570428490638733,1.2195605039596558
Transformer,jena,full,2,none,16,2782,5,3.4946281909942627,5.6572585105896,2.7416138648986816,3.434166669845581,7.573155403137207,10.01065444946289,2.7951996326446533,3.8027474880218506,0.8685422539710999,1.2452698945999146
Transformer,jena,full,2,A_end,16,2782,5,6.00990629196167,9.876291275024414,4.376803398132324,5.504001617431641,14.111680030822754,18.016849517822266,4.408075332641602,5.729639053344727,1.1430692672729492,1.560391902923584
Transformer,jena,full,2,B_start,16,2782,5,3.485405206680298,5.637504577636719,2.7168679237365723,3.405637741088867,7.56450605392456,9.977835655212402,2.791577100753784,3.795875787734986,0.8686681985855103,1.249635100364685
Transformer,jena,full,3,none,16,2782,5,3.518993616104126,5.711843013763428,2.947009325027466,3.6349709033966064,7.580347061157227,10.104599952697754,2.683884620666504,3.697915554046631,0.8647348284721375,1.2288494110107422
Transformer,jena,full,3,A_end,16,2782,5,6.3990983963012695,10.445192337036133,4.628161430358887,5.735555171966553,15.307345390319824,19.155614852905273,4.47822380065918,5.830996513366699,1.182660460472107,1.6041936874389648
Transformer,jena,full,3,B_start,16,2782,5,3.482271671295166,5.624565601348877,2.938729763031006,3.613076448440552,7.445277690887451,9.919475555419922,2.681964635848999,3.685197591781616,0.8631162643432617,1.229621171951294
Transformer,jena,full,4,none,16,2782,5,3.399409532546997,5.533504486083984,2.8507556915283203,3.5613605976104736,7.319789409637451,9.77099895477295,2.5578396320343018,3.5700979232788086,0.8692549467086792,1.2559337615966797
Transformer,jena,full,4,A_end,16,2782,5,5.733821868896484,9.276848793029783,4.186531066894531,5.213119029998779,13.198530197143556,16.77658462524414,4.4085540771484375,5.755616664886475,1.1416674852371216,1.5755070447921753
Transformer,jena,full,4,B_start,16,2782,5,3.400458335876465,5.521317481994629,2.8261497020721436,3.526639699935913,7.3319807052612305,9.756625175476074,2.572661876678467,3.5671870708465576,0.8710401058197021,1.2593915462493896
XAI-MeteoFormer,jena,no_revin,0,none,16,2782,5,2.988225221633911,5.236400604248047,1.9383310079574585,2.5562939643859863,7.0736823081970215,9.598976135253906,2.090986967086792,3.0878829956054688,0.8499001860618591,1.2122578620910645
XAI-MeteoFormer,jena,no_revin,0,A_end,16,2782,5,4.898222923278809,7.823161602020264,3.0983450412750244,3.9980666637420654,10.886089324951172,13.852267265319824,4.532162189483643,5.900819301605225,1.0762957334518433,1.4553046226501465
XAI-MeteoFormer,jena,no_revin,0,B_start,16,2782,5,3.091097593307495,5.3594160079956055,1.9524970054626465,2.559959173202514,7.443799018859863,9.863240242004396,2.1046745777130127,3.093888998031616,0.8634203672409058,1.2183207273483276
XAI-MeteoFormer,jena,no_revin,1,none,16,2782,5,3.006019592285156,5.2449774742126465,1.9138895273208616,2.513842821121216,7.146178722381592,9.628876686096191,2.112725019454956,3.088857650756836,0.8512839674949646,1.209727168083191
XAI-MeteoFormer,jena,no_revin,1,A_end,16,2782,5,5.510873794555664,9.032914161682127,3.684072256088257,4.808927536010742,12.713326454162598,16.33086585998535,4.516640663146973,5.8542680740356445,1.12945294380188,1.5095478296279907
XAI-MeteoFormer,jena,no_revin,1,B_start,16,2782,5,3.013970851898194,5.260338306427002,1.9241806268692017,2.5278549194335938,7.165590286254883,9.657979011535645,2.114657402038574,3.090775966644287,0.8514564037322998,1.2104215621948242
XAI-MeteoFormer,jena,no_revin,2,none,16,2782,5,3.038917064666748,5.3247504234313965,1.9424089193344116,2.521497964859009,7.213947772979736,9.767426490783691,2.149771928787231,3.1828882694244385,0.8495400547981262,1.2330905199050903
XAI-MeteoFormer,jena,no_revin,2,A_end,16,2782,5,5.0858283042907715,8.262956619262695,3.2005274295806885,4.177171230316162,11.61028289794922,14.82000732421875,4.4677205085754395,5.820311069488525,1.064784049987793,1.4657542705535889
XAI-MeteoFormer,jena,no_revin,2,B_start,16,2782,5,3.029093027114868,5.299278736114502,1.929271578788757,2.509025812149048,7.188355445861816,9.715672492980955,2.149496078491211,3.1815848350524902,0.8492490649223328,1.2318469285964966
XAI-MeteoFormer,jena,no_revin,3,none,16,2782,5,3.0373713970184326,5.2230377197265625,1.9648680686950684,2.551682710647583,7.130621433258057,9.542409896850586,2.2025725841522217,3.1748437881469727,0.8514224886894226,1.2133233547210691
XAI-MeteoFormer,jena,no_revin,3,A_end,16,2782,5,5.581385135650635,9.19540023803711,3.520918130874634,4.538026332855225,13.04759407043457,16.70355224609375,4.651916027069092,6.026113986968994,1.105112075805664,1.5182538032531738
XAI-MeteoFormer,jena,no_revin,3,B_start,16,2782,5,3.0358259677886963,5.232442378997803,1.9480485916137695,2.5314505100250244,7.140392303466797,9.569555282592772,2.2024502754211426,3.1718461513519287,0.8524135947227478,1.211851954460144
XAI-MeteoFormer,jena,no_revin,4,none,16,2782,5,3.068779468536377,5.324689865112305,2.0012965202331543,2.5764195919036865,7.254331588745117,9.762453079223633,2.1750588417053223,3.159536123275757,0.8444304466247559,1.2178643941879272
XAI-MeteoFormer,jena,no_revin,4,A_end,16,2782,5,5.176207542419434,8.474169731140137,3.4146339893341064,4.4428324699401855,11.714648246765137,15.195234298706056,4.506105422973633,5.868603229522705,1.0694422721862793,1.473699688911438
XAI-MeteoFormer,jena,no_revin,4,B_start,16,2782,5,3.056281089782715,5.270177364349365,1.980333924293518,2.587700843811035,7.219521999359131,9.642156600952148,2.174391031265259,3.1530723571777344,0.8508776426315308,1.2205945253372192
iTransformer,jena,full,0,none,16,2782,5,3.288175582885742,5.588876724243164,2.269477605819702,2.9960074424743652,7.527232646942139,10.104509353637695,2.439718723297119,3.4836623668670654,0.916273832321167,1.314948320388794
iTransformer,jena,full,0,A_end,16,2782,5,5.113769054412842,8.110198974609375,3.358506679534912,4.279703140258789,11.256011009216309,14.296298027038574,4.652871131896973,6.134544372558594,1.1876851320266724,1.663934350013733
iTransformer,jena,full,0,B_start,16,2782,5,3.3679428100585938,5.775422096252441,2.2294065952301025,2.9628922939300537,7.860310077667236,10.521221160888672,2.455566883087158,3.4898746013641357,0.9264905452728271,1.329652190208435
iTransformer,jena,full,1,none,16,2782,5,3.300823450088501,5.546503067016602,2.270618438720703,2.9874987602233887,7.4864182472229,9.979677200317385,2.523813962936402,3.578183174133301,0.9224428534507751,1.3161641359329224
iTransformer,jena,full,1,A_end,16,2782,5,5.072171211242676,8.03596305847168,3.366471767425537,4.281052112579346,11.11543083190918,14.15300464630127,4.634280204772949,6.083165168762207,1.1725010871887207,1.6330825090408323
iTransformer,jena,full,1,B_start,16,2782,5,3.362325668334961,5.67840576171875,2.2311084270477295,2.956943988800049,7.754988670349121,10.277273178100586,2.5333611965179443,3.5856847763061523,0.9298465847969056,1.3244400024414062
iTransformer,jena,full,2,none,16,2782,5,3.2941665649414062,5.570677280426025,2.372168779373169,3.1234185695648193,7.463581562042236,10.031200408935549,2.418938159942627,3.4580252170562744,0.9219775795936584,1.3383194208145142
iTransformer,jena,full,2,A_end,16,2782,5,5.2174072265625,8.261228561401367,3.5739309787750244,4.568976879119873,11.402408599853516,14.5232515335083,4.695099353790283,6.1933465003967285,1.1981916427612305,1.6833629608154297
iTransformer,jena,full,2,B_start,16,2782,5,3.389000177383423,5.784683704376221,2.3214573860168457,3.0847177505493164,7.871501922607422,10.517736434936523,2.4228198528289795,3.446268320083618,0.940222978591919,1.35470449924469
iTransformer,jena,full,3,none,16,2782,5,3.2937235832214355,5.55104923248291,2.3738183975219727,3.116952896118164,7.49164628982544,10.000234603881836,2.3889825344085693,3.4328877925872803,0.92044597864151,1.3235514163970947
iTransformer,jena,full,3,A_end,16,2782,5,5.138838291168213,8.093789100646973,3.49538516998291,4.437521934509277,11.207679748535156,14.215821266174316,4.659852027893066,6.119194984436035,1.192439317703247,1.6768754720687866
iTransformer,jena,full,3,B_start,16,2782,5,3.345623016357422,5.700902938842773,2.289592742919922,3.0402114391326904,7.792184352874756,10.356878280639648,2.3707480430603027,3.4221813678741455,0.9299647808074952,1.3349223136901855
iTransformer,jena,full,4,none,16,2782,5,3.321370840072632,5.579033374786377,2.3922653198242188,3.155045509338379,7.557535171508789,10.047599792480469,2.407651901245117,3.442300081253052,0.9280295968055724,1.320777177810669
iTransformer,jena,full,4,A_end,16,2782,5,5.186108589172363,8.230561256408691,3.498556613922119,4.4411115646362305,11.387958526611328,14.536701202392578,4.656479835510254,6.097875595092773,1.2014371156692505,1.6569005250930786
iTransformer,jena,full,4,B_start,16,2782,5,3.3956429958343506,5.72847318649292,2.350576162338257,3.1109938621520996,7.84942626953125,10.379985809326172,2.442490577697754,3.472836494445801,0.9400815367698668,1.3336580991744995
Autoformer,beijing_aotizhongxin,full,0,none,16,3448,2,5.453206539154053,9.625659942626951,3.003953456878662,3.86590027809143,14.060497283935549,18.08789825439453,4.002580642700195,5.234429359436035,0.7457962036132812,1.0473029613494873
Autoformer,beijing_aotizhongxin,full,0,A_end,16,3448,2,6.086750030517578,10.62063694000244,3.335679531097412,4.255428791046143,15.867406845092772,19.996246337890625,4.352703094482422,5.659303188323975,0.791214108467102,1.0979301929473877
Autoformer,beijing_aotizhongxin,full,0,B_start,16,3448,2,5.615106582641602,9.863973617553713,3.141209602355957,4.026525974273682,14.493775367736816,18.54115104675293,4.058004856109619,5.297387599945068,0.7674347162246704,1.0688320398330688
Autoformer,beijing_aotizhongxin,full,1,none,16,3448,2,5.516462802886963,9.701563835144045,3.2457120418548584,4.123070240020752,14.08009910583496,18.19046211242676,4.00641393661499,5.246273040771484,0.7336245179176331,1.032184600830078
Autoformer,beijing_aotizhongxin,full,1,A_end,16,3448,2,5.977953910827637,10.472588539123535,3.3267831802368164,4.23682165145874,15.449322700500488,19.682296752929688,4.361673831939697,5.674405574798584,0.774032473564148,1.0761502981185913
Autoformer,beijing_aotizhongxin,full,1,B_start,16,3448,2,5.6562299728393555,9.94622802734375,3.3398735523223877,4.261974811553955,14.472556114196776,18.661020278930664,4.062444686889648,5.311176300048828,0.7500448226928711,1.0502952337265017
Autoformer,beijing_aotizhongxin,full,2,none,16,3448,2,5.427212238311768,9.516438484191896,3.359353542327881,4.338207244873047,13.70775318145752,17.774776458740234,3.914022207260132,5.1400909423828125,0.7277214527130127,1.0330530405044556
Autoformer,beijing_aotizhongxin,full,2,A_end,16,3448,2,6.061340808868408,10.596611976623535,3.47040057182312,4.383716583251953,15.629767417907717,19.91545295715332,4.35781192779541,5.668488502502441,0.7873852849006653,1.0857045650482178
Autoformer,beijing_aotizhongxin,full,2,B_start,16,3448,2,5.589292049407959,9.834819793701172,3.4835944175720215,4.458106517791748,14.168009757995604,18.41436004638672,3.952815294265747,5.1779584884643555,0.7527468204498291,1.0583988428115845
Autoformer,beijing_aotizhongxin,full,3,none,16,3448,2,5.438113212585449,9.50266170501709,3.221625328063965,4.130844593048096,13.892617225646973,17.79829216003418,3.9212186336517334,5.131739139556885,0.7169917225837708,1.0121809244155884
Autoformer,beijing_aotizhongxin,full,3,A_end,16,3448,2,6.068546295166016,10.545889854431152,3.4648373126983643,4.374146938323975,15.721981048583984,19.827463150024418,4.306811809539795,5.607808589935303,0.7805535793304443,1.0743335485458374
Autoformer,beijing_aotizhongxin,full,3,B_start,16,3448,2,5.621817588806152,9.866493225097656,3.2928783893585205,4.220195293426514,14.483860969543455,18.53676414489746,3.962033748626709,5.182605743408203,0.7484927177429199,1.0533978939056396
Autoformer,beijing_aotizhongxin,full,4,none,16,3448,2,5.472369194030762,9.400943756103516,3.5786073207855225,4.522511959075928,13.623432159423828,17.475643157958984,3.9478251934051514,5.1602044105529785,0.7396132349967957,1.015916347503662
Autoformer,beijing_aotizhongxin,full,4,A_end,16,3448,2,6.1358466148376465,10.616562843322754,3.6258976459503174,4.563043117523193,15.794650077819824,19.9298095703125,4.325369834899902,5.626462459564209,0.7974754571914673,1.0816140174865725
Autoformer,beijing_aotizhongxin,full,4,B_start,16,3448,2,5.668046474456787,9.76711368560791,3.6910054683685303,4.653369426727295,14.194573402404783,18.204654693603516,4.023398399353027,5.237524032592773,0.7632123827934265,1.0445500612258911
Crossformer,beijing_aotizhongxin,full,0,none,16,3448,2,4.35451602935791,8.125665664672852,3.1220436096191406,3.9812004566192623,11.377168655395508,15.408371925354004,2.2699155807495117,3.1584417819976807,0.6489336490631104,0.928522527217865
Crossformer,beijing_aotizhongxin,full,0,A_end,16,3448,2,6.338088512420654,11.254154205322266,3.904160976409912,4.862024784088135,16.770475387573242,21.339107513427734,3.921548366546631,5.144925117492676,0.7561730742454529,1.0755517482757568
Crossformer,beijing_aotizhongxin,full,0,B_start,16,3448,2,4.3851318359375,8.138947486877441,3.103545665740967,3.922307968139648,11.502269744873049,15.448647499084473,2.2841861248016357,3.1710124015808105,0.6505260467529297,0.9323908686637878
Crossformer,beijing_aotizhongxin,full,1,none,16,3448,2,4.329763412475586,8.199750900268555,3.3658864498138428,4.160665988922119,11.05056858062744,15.501075744628906,2.250610113143921,3.229984760284424,0.6519885659217834,0.9572609066963196
Crossformer,beijing_aotizhongxin,full,1,A_end,16,3448,2,6.638341903686523,11.97465991973877,4.289516925811768,5.32928991317749,17.473190307617188,22.711362838745117,4.021420001983643,5.303362846374512,0.7692374587059021,1.1121673583984375
Crossformer,beijing_aotizhongxin,full,1,B_start,16,3448,2,4.37123966217041,8.232375144958496,3.3807473182678223,4.170296669006348,11.192469596862791,15.568190574645996,2.2566704750061035,3.225785732269287,0.6550697684288025,0.9604099988937378
Crossformer,beijing_aotizhongxin,full,2,none,16,3448,2,4.2098822593688965,7.839414119720459,2.9743971824645996,3.744769096374512,11.065814018249512,14.884621620178224,2.147599458694458,3.061018228530884,0.6517223119735718,0.9383456707000732
Crossformer,beijing_aotizhongxin,full,2,A_end,16,3448,2,6.244997024536133,11.03343677520752,3.907005548477173,4.843283176422119,16.414100646972656,20.874568939208984,3.900153398513794,5.153257846832275,0.758729100227356,1.0889455080032349
Crossformer,beijing_aotizhongxin,full,2,B_start,16,3448,2,4.239328861236572,7.836516857147217,2.987865447998047,3.732126712799072,11.160003662109377,14.88035774230957,2.1545021533966064,3.0655786991119385,0.6549443602561951,0.9446706175804138
Crossformer,beijing_aotizhongxin,full,3,none,16,3448,2,4.122628688812256,7.811014175415039,2.937739849090576,3.6783645153045654,10.72181224822998,14.82911205291748,2.1835238933563232,3.1203792095184326,0.6474365592002869,0.9370564818382264
Crossformer,beijing_aotizhongxin,full,3,A_end,16,3448,2,6.2953691482543945,11.318285942077637,3.8865854740142822,4.814676761627197,16.672136306762695,21.500621795654297,3.860980749130249,5.074969291687012,0.7617719769477844,1.0959558486938477
Crossformer,beijing_aotizhongxin,full,3,B_start,16,3448,2,4.186624050140381,7.866151809692383,3.033656358718872,3.7379870414733887,10.85552215576172,14.928216934204102,2.200347423553467,3.1271352767944336,0.6569694876670837,0.9498483538627625
Crossformer,beijing_aotizhongxin,full,4,none,16,3448,2,4.221869945526123,8.068222045898438,2.8124868869781494,3.6014773845672607,11.234950065612791,15.383090019226074,2.1858975887298584,3.143174886703491,0.6541458964347839,0.9461604356765748
Crossformer,beijing_aotizhongxin,full,4,A_end,16,3448,2,6.175345420837402,11.012022972106934,3.7875161170959473,4.728456497192383,16.312908172607422,20.87441062927246,3.855149269104004,5.0820231437683105,0.7458101511001587,1.0641498565673828
Crossformer,beijing_aotizhongxin,full,4,B_start,16,3448,2,4.29422664642334,8.140998840332031,2.8862617015838623,3.632707357406616,11.434572219848633,15.528627395629885,2.196159839630127,3.140123128890991,0.6599133610725403,0.9530345797538756
DLinear,beijing_aotizhongxin,full,0,none,16,3448,2,4.369560718536377,8.361708641052246,2.0661187171936035,2.666856050491333,11.884232521057127,16.016822814941406,2.808088779449463,3.875969409942627,0.7197990417480469,0.9993974566459656
DLinear,beijing_aotizhongxin,full,0,A_end,16,3448,2,6.573740005493164,11.887069702148438,3.4264979362487793,4.260109901428223,17.967344284057617,22.7618350982666,3.978196620941162,5.232443332672119,0.922921895980835,1.257609724998474
DLinear,beijing_aotizhongxin,full,0,B_start,16,3448,2,4.495561122894287,8.507128715515137,2.1720569133758545,2.7671196460723877,12.244956016540527,16.295961380004883,2.8401970863342285,3.905912160873413,0.7250341773033142,1.0066689252853394
DLinear,beijing_aotizhongxin,full,1,none,16,3448,2,4.369390964508057,8.371862411499023,2.057997465133667,2.6750528812408447,11.879593849182127,16.034250259399414,2.8194310665130615,3.88573694229126,0.7205449938774109,1.0001050233840942
DLinear,beijing_aotizhongxin,full,1,A_end,16,3448,2,6.552506446838379,11.85244846343994,3.390796899795532,4.226962089538574,17.90228843688965,22.69136619567871,3.9959464073181152,5.2516350746154785,0.9209928512573242,1.2558436393737793
DLinear,beijing_aotizhongxin,full,1,B_start,16,3448,2,4.498173236846924,8.516719818115234,2.172818422317505,2.776425361633301,12.24285888671875,16.312646865844727,2.8509511947631836,3.913079261779785,0.7260618805885315,1.0074150562286377
DLinear,beijing_aotizhongxin,full,2,none,16,3448,2,4.3538594245910645,8.395482063293457,1.987942099571228,2.6039905548095703,11.880099296569824,16.09421730041504,2.82346773147583,3.888773679733277,0.7239307165145874,1.004647135734558
DLinear,beijing_aotizhongxin,full,2,A_end,16,3448,2,6.626922130584717,12.003872871398926,3.42883563041687,4.263298988342285,18.13829803466797,22.99418830871582,4.0091047286987305,5.277674198150635,0.931450128555298,1.268764853477478
DLinear,beijing_aotizhongxin,full,2,B_start,16,3448,2,4.476984977722168,8.534965515136719,2.093578100204468,2.699655294418335,12.226293563842772,16.361303329467773,2.8588171005249023,3.92148232460022,0.7292559146881104,1.012008547782898
DLinear,beijing_aotizhongxin,full,3,none,16,3448,2,4.357109069824219,8.376359939575195,2.015301465988159,2.6326940059661865,11.876840591430664,16.051349639892578,2.8140552043914795,3.882359027862549,0.7222381830215454,1.001985788345337
DLinear,beijing_aotizhongxin,full,3,A_end,16,3448,2,6.617506980895996,11.96971035003662,3.437023162841797,4.2763543128967285,18.1049861907959,22.923873901367188,4.0002617835998535,5.264016151428223,0.92775559425354,1.2628469467163086
DLinear,beijing_aotizhongxin,full,3,B_start,16,3448,2,4.482875347137451,8.520601272583008,2.1247096061706543,2.730580568313598,12.22889804840088,16.32798957824707,2.849968433380127,3.914518356323242,0.7279231548309326,1.0098356008529663
DLinear,beijing_aotizhongxin,full,4,none,16,3448,2,4.35453462600708,8.383804321289062,1.999314546585083,2.6157662868499756,11.877182006835938,16.068931579589844,2.8197431564331055,3.8852992057800297,0.7219027876853943,1.0021892786026
DLinear,beijing_aotizhongxin,full,4,A_end,16,3448,2,6.562374591827393,11.887777328491213,3.3786351680755615,4.207115650177002,17.95001792907715,22.76725959777832,3.9974989891052246,5.257894039154053,0.923346757888794,1.2583767175674438
DLinear,beijing_aotizhongxin,full,4,B_start,16,3448,2,4.481043338775635,8.524224281311035,2.110788345336914,2.7157371044158936,12.235065460205078,16.338146209716797,2.851229429244995,3.914156436920166,0.7270907163619995,1.0093002319335938
Informer,beijing_aotizhongxin,full,0,none,16,3448,2,4.872472763061523,8.891162872314453,3.6927430629730225,4.605185031890869,12.245089530944824,16.71868133544922,2.847269058227539,3.810931921005249,0.7047895193099976,0.9827799201011658
Informer,beijing_aotizhongxin,full,0,A_end,16,3448,2,7.057522773742676,12.658203125,4.442418575286865,5.588793754577637,18.69512367248535,24.033252716064453,4.23529052734375,5.540134906768799,0.8572549819946289,1.1813665628433228
Informer,beijing_aotizhongxin,full,0,B_start,16,3448,2,5.211524486541748,9.388776779174805,3.8419528007507324,4.7545647621154785,13.26141357421875,17.69545555114746,3.002938747406006,3.9758682250976562,0.7397897839546204,1.0266057252883911
Informer,beijing_aotizhongxin,full,1,none,16,3448,2,4.818819522857666,8.996460914611816,3.561004161834717,4.614478588104248,12.5004301071167,17.01943588256836,2.5105667114257812,3.4350204467773438,0.7032778263092041,0.9955995082855225
Informer,beijing_aotizhongxin,full,1,A_end,16,3448,2,6.964269161224365,12.603135108947754,4.5175461769104,5.734318256378174,18.610332489013672,23.9825382232666,3.873962163925171,5.087829113006592,0.8552364110946655,1.1939188241958618
Informer,beijing_aotizhongxin,full,1,B_start,16,3448,2,5.029033660888672,9.304779052734375,3.6616904735565186,4.678173542022705,13.113457679748535,17.635055541992188,2.618697166442871,3.518969774246216,0.7222893238067627,1.0256906747817993
Informer,beijing_aotizhongxin,full,2,none,16,3448,2,4.991203784942627,9.212797164916992,3.426748752593994,4.388827800750732,12.902446746826172,17.450450897216797,2.937562942504883,3.841113805770874,0.6980528235435486,0.984009325504303
Informer,beijing_aotizhongxin,full,2,A_end,16,3448,2,7.0016398429870605,12.779857635498047,4.199550628662109,5.345297813415527,18.932083129882812,24.413570404052734,4.030068397521973,5.229517936706543,0.8448569178581238,1.1646908521652222
Informer,beijing_aotizhongxin,full,2,B_start,16,3448,2,5.254514217376709,9.680627822875977,3.5126700401306152,4.44254207611084,13.835567474365234,18.42319679260254,2.952056884765625,3.831332206726074,0.7177628874778748,1.0142570734024048
Informer,beijing_aotizhongxin,full,3,none,16,3448,2,4.941882610321045,8.8819580078125,3.973705291748047,4.975512981414795,12.201309204101562,16.58924674987793,2.9136927127838135,3.827603340148926,0.6788243055343628,0.9732694625854492
Informer,beijing_aotizhongxin,full,3,A_end,16,3448,2,7.055626392364502,12.572654724121094,4.717914581298828,5.916967868804932,18.570497512817383,23.812259674072266,4.111341953277588,5.377408504486084,0.8227485418319702,1.155755639076233
Informer,beijing_aotizhongxin,full,3,B_start,16,3448,2,5.21882438659668,9.285370826721191,4.067220687866211,5.033536434173584,13.10782527923584,17.412126541137695,2.994673013687134,3.9158976078033447,0.7055796980857849,1.0097427368164062
Informer,beijing_aotizhongxin,full,4,none,16,3448,2,5.051440238952637,8.867280006408691,4.102015495300293,5.064554691314697,12.290178298950195,16.48569679260254,3.126112937927246,4.017209529876709,0.687455952167511,0.9740369915962219
Informer,beijing_aotizhongxin,full,4,A_end,16,3448,2,7.08834981918335,12.475046157836914,4.794417858123779,5.961675643920898,18.458093643188477,23.572742462158203,4.266275882720947,5.47242546081543,0.8346141576766968,1.1592220067977905
Informer,beijing_aotizhongxin,full,4,B_start,16,3448,2,5.1437602043151855,8.976771354675293,4.113821506500244,5.033501625061035,12.546625137329102,16.70514488220215,3.215998649597168,4.1160359382629395,0.6985949873924255,0.9949216246604919
LSTM,beijing_aotizhongxin,full,0,none,16,3448,2,4.326546669006348,8.150861740112305,2.4971861839294434,3.2597711086273193,11.607135772705078,15.55646800994873,2.5189297199249268,3.487318754196167,0.6829322576522827,0.9772554039955139
LSTM,beijing_aotizhongxin,full,0,A_end,16,3448,2,7.004890441894531,12.742867469787598,3.745685577392578,4.714588165283203,19.16590690612793,24.373323440551758,4.249677658081055,5.640178203582764,0.8582962155342102,1.1936135292053223
LSTM,beijing_aotizhongxin,full,0,B_start,16,3448,2,4.4075493812561035,8.261836051940918,2.4850680828094482,3.2418534755706787,11.881046295166016,15.778898239135742,2.5693109035491943,3.5463013648986816,0.6947748064994812,0.9860154390335083
LSTM,beijing_aotizhongxin,full,1,none,16,3448,2,4.386227130889893,8.103497505187988,2.579237937927246,3.357558012008667,11.589940071105957,15.38602352142334,2.680532217025757,3.701251268386841,0.6952021718025208,0.9821038842201233
LSTM,beijing_aotizhongxin,full,1,A_end,16,3448,2,6.887449741363525,12.487997055053711,3.659818649291992,4.585392951965332,18.739904403686523,23.85234832763672,4.298302173614502,5.695598602294922,0.8517749905586243,1.1832753419876099
LSTM,beijing_aotizhongxin,full,1,B_start,16,3448,2,4.4718918800354,8.239767074584961,2.5761992931365967,3.3545501232147217,11.91243839263916,15.671218872070312,2.6936194896698,3.707817554473877,0.7053108215332031,0.9934770464897156
LSTM,beijing_aotizhongxin,full,2,none,16,3448,2,4.306317329406738,8.081618309020996,2.634486675262451,3.4004628658294678,11.388754844665527,15.376168251037598,2.5107078552246094,3.507619619369507,0.6913183927536011,0.9783515334129333
LSTM,beijing_aotizhongxin,full,2,A_end,16,3448,2,7.000786304473877,12.773616790771484,3.7135355472564697,4.672479152679443,19.201236724853516,24.450908660888672,4.2264485359191895,5.6187639236450195,0.8619237542152405,1.18812894821167
LSTM,beijing_aotizhongxin,full,2,B_start,16,3448,2,4.376630783081055,8.159152030944824,2.635662078857422,3.405355453491211,11.627676963806152,15.530237197875977,2.5429294109344482,3.539677619934082,0.7002550363540649,0.9863733053207397
LSTM,beijing_aotizhongxin,full,3,none,16,3448,2,4.323431968688965,8.086908340454102,2.5872204303741455,3.358166217803955,11.480318069458008,15.39260196685791,2.5288472175598145,3.5262198448181152,0.6973453760147095,0.9739506840705872
LSTM,beijing_aotizhongxin,full,3,A_end,16,3448,2,6.8456315994262695,12.41872501373291,3.7197563648223877,4.692278861999512,18.592227935791016,23.713424682617188,4.211976528167725,5.582315921783447,0.8585671186447144,1.1801295280456543
LSTM,beijing_aotizhongxin,full,3,B_start,16,3448,2,4.445437908172607,8.2615385055542,2.610157012939453,3.384843111038208,11.888803482055664,15.741905212402344,2.5726845264434814,3.5742733478546143,0.71010422706604,0.9858449101448059
LSTM,beijing_aotizhongxin,full,4,none,16,3448,2,4.371193885803223,8.095385551452637,2.5822622776031494,3.3723628520965576,11.568704605102539,15.384398460388184,2.6409435272216797,3.6226799488067627,0.6928660869598389,0.9822306632995605
LSTM,beijing_aotizhongxin,full,4,A_end,16,3448,2,6.7266998291015625,12.112913131713867,3.602540969848633,4.526694297790527,18.170673370361328,23.08670997619629,4.302918434143066,5.66310453414917,0.8306652307510376,1.1544909477233887
LSTM,beijing_aotizhongxin,full,4,B_start,16,3448,2,4.457076072692871,8.219243049621582,2.580094575881958,3.3701577186584473,11.876294136047363,15.637571334838867,2.6691551208496094,3.653557777404785,0.7027611136436462,0.9918361306190491
PatchTST,beijing_aotizhongxin,full,0,none,16,3448,2,4.343259811401367,8.323623657226562,2.116692066192627,2.780066967010498,11.981241226196289,15.987760543823242,2.571242332458496,3.5755162239074707,0.7038631439208984,1.0046535730361938
PatchTST,beijing_aotizhongxin,full,0,A_end,16,3448,2,6.353598117828369,11.482359886169434,3.230717182159424,4.054069995880127,17.25933265686035,21.925195693969727,4.0783233642578125,5.368985652923584,0.8460156321525574,1.184362769126892
PatchTST,beijing_aotizhongxin,full,0,B_start,16,3448,2,4.434092044830322,8.47005844116211,2.123464822769165,2.7895071506500244,12.29265022277832,16.282766342163086,2.602144241333008,3.6075141429901123,0.7181084752082825,1.0215249061584473
PatchTST,beijing_aotizhongxin,full,1,none,16,3448,2,4.346968650817871,8.314631462097168,2.0706288814544678,2.7186620235443115,12.011764526367188,15.97469711303711,2.603445053100586,3.6008126735687256,0.7020339369773865,0.9922286868095398
PatchTST,beijing_aotizhongxin,full,1,A_end,16,3448,2,6.375142574310303,11.537103652954102,3.2690720558166504,4.107421875,17.347370147705078,22.049400329589844,4.0364861488342285,5.2894816398620605,0.8476381897926331,1.1803992986679077
PatchTST,beijing_aotizhongxin,full,1,B_start,16,3448,2,4.456261157989502,8.4685697555542,2.132887601852417,2.7746009826660156,12.345770835876465,16.27916145324707,2.633669376373291,3.6257827281951904,0.7127173542976379,1.0054572820663452
PatchTST,beijing_aotizhongxin,full,2,none,16,3448,2,4.423739910125732,8.395223617553711,2.2575197219848633,2.9413938522338867,12.237135887145996,16.123788833618164,2.504817008972168,3.5084078311920166,0.6954860687255859,0.9908697009086609
PatchTST,beijing_aotizhongxin,full,2,A_end,16,3448,2,6.377500534057617,11.532405853271484,3.2847907543182373,4.1471662521362305,17.294878005981445,22.007421493530273,4.101385116577148,5.394705772399902,0.8289486169815063,1.1649329662322998
PatchTST,beijing_aotizhongxin,full,2,B_start,16,3448,2,4.516264915466309,8.545693397521973,2.2332589626312256,2.909865617752075,12.571209907531738,16.431161880493164,2.5516228675842285,3.5568246841430664,0.7089707255363464,1.007065773010254
PatchTST,beijing_aotizhongxin,full,3,none,16,3448,2,4.412299156188965,8.376826286315918,2.3682398796081543,3.0566797256469727,12.098225593566895,16.076147079467773,2.483914375305176,3.451176881790161,0.698817789554596,0.9942010045051575
PatchTST,beijing_aotizhongxin,full,3,A_end,16,3448,2,6.3929362297058105,11.616928100585938,3.232071876525879,4.110680103302002,17.316421508789062,22.17218589782715,4.171473979949951,5.46392297744751,0.851784348487854,1.2058533430099487
PatchTST,beijing_aotizhongxin,full,3,B_start,16,3448,2,4.513620376586914,8.561488151550293,2.35196852684021,3.033935546875,12.499722480773926,16.464170455932617,2.4819979667663574,3.446579694747925,0.7207912802696228,1.0216268301010132
PatchTST,beijing_aotizhongxin,full,4,none,16,3448,2,4.321122646331787,8.273226737976074,2.089923620223999,2.7466042041778564,11.93046760559082,15.8844633102417,2.563753128051758,3.597059488296509,0.7003467679023743,0.9931080341339111
PatchTST,beijing_aotizhongxin,full,4,A_end,16,3448,2,6.469320774078369,11.697247505187988,3.3575313091278076,4.20677375793457,17.61081886291504,22.358182907104492,4.051137924194336,5.317383289337158,0.8578000068664551,1.2010350227355957
PatchTST,beijing_aotizhongxin,full,4,B_start,16,3448,2,4.427055358886719,8.433223724365234,2.126905679702759,2.780935525894165,12.280974388122559,16.20599937438965,2.588796854019165,3.617891311645508,0.711542010307312,1.0098860263824463
TFT,beijing_aotizhongxin,full,0,none,16,3448,2,4.454642295837402,8.1993989944458,2.836836338043213,3.667433977127075,11.781064987182617,15.573698997497559,2.495426654815674,3.4608821868896484,0.7052378058433533,0.976060688495636
TFT,beijing_aotizhongxin,full,0,A_end,16,3448,2,7.898159027099609,13.83792495727539,4.952829837799072,6.069334506988525,21.393800735473633,26.343421936035156,4.340677738189697,5.7996134757995605,0.9053303003311157,1.2265509366989136
TFT,beijing_aotizhongxin,full,0,B_start,16,3448,2,4.619296073913574,8.487202644348145,2.874857187271118,3.7035903930664062,12.330867767333984,16.15736961364746,2.545626640319824,3.51524019241333,0.7258350849151611,0.9981885552406311
TFT,beijing_aotizhongxin,full,1,none,16,3448,2,4.768396854400635,8.554553985595703,3.0621702671051025,3.885563611984253,12.141514778137207,16.05297088623047,3.17002010345459,4.356044292449951,0.6998825073242188,0.9752023220062256
TFT,beijing_aotizhongxin,full,1,A_end,16,3448,2,8.136733055114746,14.024301528930664,5.192018508911133,6.359501838684082,21.48491668701172,26.470272064208984,4.946415424346924,6.636523723602295,0.9235861301422119,1.2498810291290283
TFT,beijing_aotizhongxin,full,1,B_start,16,3448,2,4.935260772705078,8.791240692138672,3.103015899658203,3.9547841548919678,12.714091300964355,16.52322769165039,3.2052345275878906,4.415276527404785,0.7186989188194275,0.9958181381225586
TFT,beijing_aotizhongxin,full,2,none,16,3448,2,4.5155534744262695,8.303712844848633,2.874164581298828,3.6875345706939697,11.696609497070312,15.71396541595459,2.7804617881774902,3.785006284713745,0.71097731590271,0.9765687584877014
TFT,beijing_aotizhongxin,full,2,A_end,16,3448,2,8.183897018432617,14.336691856384277,5.196091651916504,6.272225379943848,22.454689025878906,27.405071258544922,4.149225234985352,5.49786901473999,0.935577392578125,1.2481013536453247
TFT,beijing_aotizhongxin,full,2,B_start,16,3448,2,4.632072925567627,8.434024810791016,2.887212038040161,3.7135956287384033,12.04977798461914,15.961902618408203,2.863610029220581,3.8691680431365967,0.7276896238327026,0.9937219619750977
TFT,beijing_aotizhongxin,full,3,none,16,3448,2,4.827613353729248,8.517450332641602,2.844137191772461,3.694082260131836,12.29538345336914,15.941862106323242,3.4720242023468018,4.629406452178955,0.6989096999168396,0.9834553599357605
TFT,beijing_aotizhongxin,full,3,A_end,16,3448,2,8.104656219482422,13.957768440246582,5.299331188201904,6.390390872955322,21.933374404907227,26.554475784301758,4.261256694793701,5.634610652923584,0.92465740442276,1.245426058769226
TFT,beijing_aotizhongxin,full,3,B_start,16,3448,2,4.955015659332275,8.710296630859375,2.8817856311798096,3.735546588897705,12.60091781616211,16.2939395904541,3.624985933303833,4.79939079284668,0.7123727202415466,0.9980430603027344
TFT,beijing_aotizhongxin,full,4,none,16,3448,2,4.816200256347656,8.589747428894043,3.2020952701568604,4.054374694824219,12.488994598388672,16.197284698486328,2.877030849456787,3.921869993209839,0.6966837048530579,0.9818255305290222
TFT,beijing_aotizhongxin,full,4,A_end,16,3448,2,8.02621841430664,13.964737892150879,5.168399810791016,6.292555809020996,21.62092399597168,26.54424285888672,4.394392013549805,5.856977462768555,0.9211599230766296,1.2483259439468384
TFT,beijing_aotizhongxin,full,4,B_start,16,3448,2,4.929671287536621,8.802754402160645,3.185572624206543,4.061728477478027,12.927116394042969,16.643646240234375,2.8919949531555176,3.929698944091797,0.7140020728111267,1.0014183521270752
TimesNet,beijing_aotizhongxin,full,0,none,16,3448,2,4.400803565979004,8.169205665588379,2.862774610519409,3.6560311317443848,11.482508659362793,15.474726676940918,2.580448865890503,3.6285507678985596,0.6774839758872986,0.9713941216468811
TimesNet,beijing_aotizhongxin,full,0,A_end,16,3448,2,6.105792999267578,10.922895431518555,3.416290283203125,4.346690654754639,15.860298156738281,20.57758331298828,4.369967937469482,5.802204608917236,0.7766169905662537,1.114629864692688
TimesNet,beijing_aotizhongxin,full,0,B_start,16,3448,2,4.509158611297607,8.346138954162598,2.8668689727783203,3.671807050704956,11.871278762817383,15.832633018493652,2.6060519218444824,3.6737565994262695,0.6924339532852173,0.9906287789344788
TimesNet,beijing_aotizhongxin,full,1,none,16,3448,2,4.449949264526367,8.265624046325684,2.683197021484375,3.45109486579895,11.746131896972656,15.6985445022583,2.688598155975342,3.7373299598693848,0.6818671822547913,0.9798629879951477
TimesNet,beijing_aotizhongxin,full,1,A_end,16,3448,2,6.0516228675842285,10.937485694885254,3.1777143478393555,4.043168067932129,16.047143936157227,20.7204647064209,4.214649200439453,5.623197078704834,0.7669808864593506,1.099674940109253
TimesNet,beijing_aotizhongxin,full,1,B_start,16,3448,2,4.640851020812988,8.606185913085938,2.7143197059631348,3.4759223461151123,12.429916381835938,16.39954948425293,2.7189791202545166,3.7724053859710693,0.700190007686615,1.0037280321121216
TimesNet,beijing_aotizhongxin,full,2,none,16,3448,2,4.440983295440674,8.308533668518066,2.679731845855713,3.46396803855896,11.719347953796387,15.79819107055664,2.678704023361206,3.6848254203796387,0.6861491799354553,0.9833952784538269
TimesNet,beijing_aotizhongxin,full,2,A_end,16,3448,2,6.180646896362305,11.335062980651855,3.122208833694458,4.0055646896362305,16.770280838012695,21.626689910888672,4.025231838226318,5.373556613922119,0.8048627376556396,1.1407557725906372
TimesNet,beijing_aotizhongxin,full,2,B_start,16,3448,2,4.5552239418029785,8.47475814819336,2.7128584384918213,3.5109496116638184,12.106396675109863,16.123130798339844,2.704338550567627,3.7426369190216064,0.6973007917404175,0.9983075261116028
TimesNet,beijing_aotizhongxin,full,3,none,16,3448,2,4.381758213043213,8.300897598266602,2.6379857063293457,3.3981924057006836,11.690945625305176,15.829379081726074,2.5101306438446045,3.5412375926971436,0.6879700422286987,0.9809322357177734
TimesNet,beijing_aotizhongxin,full,3,A_end,16,3448,2,6.231344699859619,11.37154769897461,3.330268144607544,4.2336745262146,16.63212776184082,21.625381469726562,4.171115398406982,5.513971328735352,0.7918683290481567,1.124036192893982
TimesNet,beijing_aotizhongxin,full,3,B_start,16,3448,2,4.487340450286865,8.447768211364746,2.629194498062134,3.3913285732269287,12.068371772766113,16.12554168701172,2.5512592792510986,3.596235990524292,0.7005361914634705,0.9960170388221741
TimesNet,beijing_aotizhongxin,full,4,none,16,3448,2,4.457939147949219,8.331136703491211,2.704599142074585,3.5312659740448,11.804879188537598,15.827958106994629,2.6369996070861816,3.6983983516693115,0.6852790117263794,0.9793465733528137
TimesNet,beijing_aotizhongxin,full,4,A_end,16,3448,2,5.981357097625732,10.858541488647461,3.0704944133758545,3.9579107761383057,15.886871337890625,20.5654296875,4.183199882507324,5.638484001159668,0.7848616242408752,1.1123603582382202
TimesNet,beijing_aotizhongxin,full,4,B_start,16,3448,2,4.640063762664795,8.602794647216797,2.76169753074646,3.5984809398651123,12.40777587890625,16.36952018737793,2.687791585922241,3.7583060264587402,0.7029902338981628,0.9985924363136292
Transformer,beijing_aotizhongxin,full,0,none,16,3448,2,5.041987419128418,9.110721588134766,3.6225812435150146,4.587705135345459,12.838058471679688,17.160390853881836,3.0142505168914795,3.939940929412842,0.693058967590332,0.9858333468437195
Transformer,beijing_aotizhongxin,full,0,A_end,16,3448,2,7.153064250946045,12.571516990661621,4.818650722503662,5.946915626525879,19.046977996826172,23.857423782348633,3.9397835731506348,5.132853984832764,0.8068463206291199,1.1329152584075928
Transformer,beijing_aotizhongxin,full,0,B_start,16,3448,2,5.040401935577393,9.066704750061035,3.604466199874878,4.55972957611084,12.826398849487305,17.06858253479004,3.037641763687134,3.964531898498535,0.6931021809577942,0.9876452684402466
Transformer,beijing_aotizhongxin,full,1,none,16,3448,2,4.984419822692871,8.918450355529785,3.4539618492126465,4.529514312744141,12.643915176391602,16.736894607543945,3.149296283721924,4.069119930267334,0.6905048489570618,0.9782885909080505
Transformer,beijing_aotizhongxin,full,1,A_end,16,3448,2,7.363574504852295,12.906733512878418,4.905717372894287,6.125281810760498,19.699094772338867,24.513351440429688,3.994560956954956,5.152550220489502,0.854921817779541,1.1674015522003174
Transformer,beijing_aotizhongxin,full,1,B_start,16,3448,2,4.951316833496094,8.840317726135254,3.4259591102600098,4.48927640914917,12.532196044921875,16.57834815979004,3.159822463989258,4.0814738273620605,0.6872884631156921,0.9753353595733643
Transformer,beijing_aotizhongxin,full,2,none,16,3448,2,4.982868194580078,8.933188438415527,3.5711817741394043,4.511004447937012,12.63681411743164,16.790206909179688,3.040330648422241,4.001046180725098,0.6831449270248413,0.9689483046531677
Transformer,beijing_aotizhongxin,full,2,A_end,16,3448,2,7.020699501037598,12.460637092590332,4.446220874786377,5.5649333000183105,18.8707275390625,23.70699691772461,3.959209442138672,5.178683280944824,0.8066418766975403,1.1228814125061035
Transformer,beijing_aotizhongxin,full,2,B_start,16,3448,2,5.0026164054870605,8.926925659179688,3.5252649784088135,4.437021732330322,12.738242149353027,16.790891647338867,3.0622012615203857,4.0240654945373535,0.6847560405731201,0.9724562168121338
Transformer,beijing_aotizhongxin,full,3,none,16,3448,2,4.93124532699585,9.112558364868164,3.3584165573120117,4.456291198730469,12.743125915527344,17.212766647338867,2.9331090450286865,3.8811585903167725,0.6903297305107117,0.9765334725379944
Transformer,beijing_aotizhongxin,full,3,A_end,16,3448,2,6.350412845611572,11.368875503540039,3.860013961791992,4.8555450439453125,16.90043067932129,21.602941513061523,3.870968818664551,5.056685447692871,0.7702394723892212,1.0824681520462036
Transformer,beijing_aotizhongxin,full,3,B_start,16,3448,2,4.900764465332031,8.98100757598877,3.3056697845458984,4.349765300750732,12.647387504577637,16.95521354675293,2.9627578258514404,3.9097304344177246,0.687244713306427,0.9737840294837952
Transformer,beijing_aotizhongxin,full,4,none,16,3448,2,4.9279398918151855,8.701398849487305,3.463869094848633,4.357316493988037,12.40987491607666,16.322113037109375,3.138622522354126,4.062613487243652,0.699391782283783,0.9772493839263916
Transformer,beijing_aotizhongxin,full,4,A_end,16,3448,2,6.995397567749023,12.274602890014648,4.451938629150391,5.479948997497559,18.714496612548828,23.342241287231445,3.9778687953948975,5.145980358123779,0.8372877240180969,1.1368005275726318
Transformer,beijing_aotizhongxin,full,4,B_start,16,3448,2,4.932931423187256,8.721214294433594,3.455686092376709,4.350076198577881,12.440752983093262,16.365367889404297,3.1355528831481934,4.066206932067871,0.6997316479682922,0.9776528477668762
XAI-MeteoFormer,beijing_aotizhongxin,no_revin,0,none,16,3448,2,4.188685894012451,8.265629768371582,2.059526205062866,2.694307327270508,11.748005867004395,15.970358848571777,2.2804744243621826,3.1765801906585693,0.6667388677597046,0.938218355178833
XAI-MeteoFormer,beijing_aotizhongxin,no_revin,0,A_end,16,3448,2,6.500909328460693,11.802840232849121,3.4282448291778564,4.28903341293335,17.71097183227539,22.568077087402344,4.084683895111084,5.325406551361084,0.7797374129295349,1.0744032859802246
XAI-MeteoFormer,beijing_aotizhongxin,no_revin,0,B_start,16,3448,2,4.200492858886719,8.278230667114258,2.065753698348999,2.6991748809814453,11.781161308288574,15.994763374328613,2.2868220806121826,3.180415630340576,0.6682351231575012,0.9398841261863708
XAI-MeteoFormer,beijing_aotizhongxin,no_revin,1,none,16,3448,2,4.188393592834473,8.240245819091797,2.0711562633514404,2.6294264793395996,11.773611068725586,15.94166088104248,2.245298385620117,3.108729362487793,0.6635088920593262,0.9444692134857178
XAI-MeteoFormer,beijing_aotizhongxin,no_revin,1,A_end,16,3448,2,6.54559850692749,11.956887245178223,3.2998640537261963,4.1200127601623535,18.105531692504883,22.957050323486328,3.975011110305786,5.159841060638428,0.8019896745681763,1.115376591682434
XAI-MeteoFormer,beijing_aotizhongxin,no_revin,1,B_start,16,3448,2,4.210407733917236,8.276683807373047,2.066044569015503,2.623410701751709,11.84078311920166,16.013856887817383,2.267927408218384,3.1284494400024414,0.6668761968612671,0.949185311794281
XAI-MeteoFormer,beijing_aotizhongxin,no_revin,2,none,16,3448,2,4.1523756980896,8.2020845413208,2.0203561782836914,2.6358587741851807,11.70975399017334,15.860494613647461,2.2198731899261475,3.1154468059539795,0.6595165729522705,0.9421747326850891
XAI-MeteoFormer,beijing_aotizhongxin,no_revin,2,A_end,16,3448,2,7.012968063354492,12.803650856018066,3.379115104675293,4.242233753204346,19.657716751098633,24.62261962890625,4.2009053230285645,5.4944000244140625,0.8141331672668457,1.1294888257980347
XAI-MeteoFormer,beijing_aotizhongxin,no_revin,2,B_start,16,3448,2,4.172418594360352,8.237346649169922,2.0390684604644775,2.656161069869995,11.773752212524414,15.930866241455078,2.2165141105651855,3.1109678745269775,0.6603386998176575,0.9432117938995361
XAI-MeteoFormer,beijing_aotizhongxin,no_revin,3,none,16,3448,2,4.11160945892334,8.247673988342285,1.969527006149292,2.5637006759643555,11.572189331054688,15.966496467590332,2.2337429523468018,3.113121271133423,0.670981228351593,0.9504876732826233
XAI-MeteoFormer,beijing_aotizhongxin,no_revin,3,A_end,16,3448,2,6.390780448913574,11.676674842834473,3.220073699951172,4.044935703277588,17.49282455444336,22.35382843017578,4.079812049865723,5.305029392242432,0.7704141736030579,1.0865399837493896
XAI-MeteoFormer,beijing_aotizhongxin,no_revin,3,B_start,16,3448,2,4.117763042449951,8.256573677062988,1.9694193601608276,2.5627152919769287,11.588876724243164,15.984553337097168,2.240006923675537,3.1150033473968506,0.672748327255249,0.9525300860404968
XAI-MeteoFormer,beijing_aotizhongxin,no_revin,4,none,16,3448,2,4.109543800354004,8.142251014709473,1.9689267873764038,2.5912106037139893,11.529082298278809,15.73628044128418,2.265047073364258,3.149211883544922,0.6751188039779663,0.9605141282081604
XAI-MeteoFormer,beijing_aotizhongxin,no_revin,4,A_end,16,3448,2,6.735845565795898,12.405330657958984,3.1156604290008545,3.9554622173309326,18.728591918945312,23.83517074584961,4.284501075744629,5.523883819580078,0.8146274089813232,1.137860655784607
XAI-MeteoFormer,beijing_aotizhongxin,no_revin,4,B_start,16,3448,2,4.134674549102783,8.193866729736328,1.981791615486145,2.601085662841797,11.598166465759277,15.839818000793457,2.279773235321045,3.156653642654419,0.6789689660072327,0.9632335901260376
iTransformer,beijing_aotizhongxin,full,0,none,16,3448,2,4.255542755126953,8.241849899291992,2.0436105728149414,2.690528154373169,11.525236129760742,15.77968692779541,2.7389020919799805,3.803936719894409,0.7144225239753723,1.0024749040603638
iTransformer,beijing_aotizhongxin,full,0,A_end,16,3448,2,6.24765682220459,11.499123573303223,2.8775269985198975,3.6399381160736084,17.106489181518555,22.016597747802734,4.144757270812988,5.433719635009766,0.8618566989898682,1.1892417669296265
iTransformer,beijing_aotizhongxin,full,0,B_start,16,3448,2,4.349642753601074,8.420341491699219,1.9912662506103516,2.6086456775665283,11.904492378234863,16.149639129638672,2.7914159297943115,3.8697290420532227,0.7113988995552063,1.008933186531067
iTransformer,beijing_aotizhongxin,full,1,none,16,3448,2,4.236619472503662,8.221831321716309,2.035870313644409,2.683919668197632,11.47072696685791,15.732414245605469,2.7290048599243164,3.830446481704712,0.7108731865882874,1.0047141313552856
iTransformer,beijing_aotizhongxin,full,1,A_end,16,3448,2,6.122844696044922,11.226778984069824,2.8882787227630615,3.653892755508423,16.67510414123535,21.465545654296875,4.077231407165527,5.351745128631592,0.8507632613182068,1.1834312677383423
iTransformer,beijing_aotizhongxin,full,1,B_start,16,3448,2,4.338464260101318,8.398630142211914,2.0060439109802246,2.6420822143554688,11.865036964416504,16.096805572509766,2.769796371459961,3.877220392227173,0.7129805684089661,1.0135859251022339
iTransformer,beijing_aotizhongxin,full,2,none,16,3448,2,4.244722366333008,8.291231155395508,2.0427420139312744,2.678234815597534,11.573042869567871,15.900506019592285,2.648926258087158,3.7374324798583984,0.714179277420044,1.005324125289917
iTransformer,beijing_aotizhongxin,full,2,A_end,16,3448,2,6.2595343589782715,11.536567687988281,2.95328426361084,3.741880416870117,17.186447143554688,22.10479736328125,4.02500581741333,5.318145751953125,0.8733991980552673,1.2096046209335327
iTransformer,beijing_aotizhongxin,full,2,B_start,16,3448,2,4.364528656005859,8.508329391479492,2.0201876163482666,2.643164873123169,12.013452529907227,16.340608596801758,2.706927537918091,3.8117334842681885,0.7175477743148804,1.0175964832305908
iTransformer,beijing_aotizhongxin,full,3,none,16,3448,2,4.236316204071045,8.275629043579102,1.978083610534668,2.6021623611450195,11.532918930053711,15.868145942687988,2.717501640319824,3.7895963191986084,0.7167618870735168,1.0068608522415161
iTransformer,beijing_aotizhongxin,full,3,A_end,16,3448,2,6.294429302215576,11.601861953735352,2.9135491847991943,3.6813981533050537,17.30054473876953,22.23746109008789,4.086461544036865,5.373976707458496,0.8771606087684631,1.2147998809814453
iTransformer,beijing_aotizhongxin,full,3,B_start,16,3448,2,4.347571849822998,8.474907875061035,1.9920241832733154,2.6105222702026367,11.913566589355469,16.267475128173828,2.7643492221832275,3.84830904006958,0.7203488349914551,1.020399570465088
iTransformer,beijing_aotizhongxin,full,4,none,16,3448,2,4.276626110076904,8.292162895202637,2.0747628211975098,2.727018117904663,11.60125732421875,15.883606910705566,2.7096564769744873,3.7817037105560303,0.7208291292190552,1.0064888000488281
iTransformer,beijing_aotizhongxin,full,4,A_end,16,3448,2,6.321593284606934,11.646354675292969,2.957042694091797,3.7428812980651855,17.354867935180664,22.32032585144043,4.094869136810303,5.374020099639893,0.8795919418334961,1.2099660634994507
iTransformer,beijing_aotizhongxin,full,4,B_start,16,3448,2,4.368758678436279,8.478041648864746,2.0294530391693115,2.6637775897979736,11.966422080993652,16.267789840698242,2.7567286491394043,3.8388280868530273,0.7224249243736267,1.0175762176513672
