dataset,model,ablation,suffix,seed,base_mae,det_gain_occl,det_gain_occl_rel,det_gain_shap,det_gain_shap_rel,det_agree_shap_occl_rho,det_gain_attn,det_gain_attn_rel,det_agree_attn_shap_rho,det_agree_attn_occl_rho
jena,Autoformer,full,_normon,0,0.46717262,0.06541345320052158,0.14001988,0.051546933533313376,0.11033809,0.6678571428571428,,,,
jena,Autoformer,full,_normon,1,0.4604636,0.07502396499939884,0.16293137,0.06498514211007084,0.1411298,0.5714285714285713,,,,
jena,Autoformer,full,_normon,2,0.46891347,0.06256605679246909,0.13342772,0.05384292846623188,0.11482487,0.6464285714285712,,,,
jena,Autoformer,full,_normon,3,0.46124458,0.07443926137778908,0.16138783,0.06450225667003542,0.13984393,0.475,,,,
jena,Autoformer,full,_normon,4,0.48131427,0.07316745207458734,0.15201595,0.05834880788624286,0.121228084,0.6285714285714286,,,,
jena,Crossformer,full,,0,0.37685442,0.08901622993467997,0.23620853,0.08736971066861104,0.23183942,0.6964285714285713,,,,
jena,Crossformer,full,,1,0.36883268,0.10233704373721653,0.27746198,0.09876076132540279,0.26776576,0.95,,,,
jena,Crossformer,full,,2,0.37265372,0.091837499142314,0.24644192,0.09158749602797131,0.24577105,0.8464285714285712,,,,
jena,Crossformer,full,,3,0.37561852,0.09736552151773745,0.25921384,0.09338017652664954,0.24860376,0.9357142857142854,,,,
jena,Crossformer,full,,4,0.37165627,0.11276006900006905,0.3033988,0.11267357670003549,0.3031661,0.8607142857142854,,,,
jena,DLinear,full,,0,0.43338448,0.09830654926039278,0.2268345,0.0805698054600507,0.18590838,0.7471092750779922,,,,
jena,DLinear,full,,1,0.43387538,0.09839815898627663,0.22678898,0.08065599131227161,0.18589668,0.7471092750779922,,,,
jena,DLinear,full,,2,0.43399024,0.09847685971064493,0.22691031,0.08086468201829121,0.18632835,0.7471092750779922,,,,
jena,DLinear,full,,3,0.43443513,0.09794226752299194,0.2254474,0.08062376519370203,0.18558298,0.7471092750779922,,,,
jena,DLinear,full,,4,0.4329711,0.09854208142325903,0.22759506,0.08069088031367089,0.18636551,0.7471092750779922,,,,
jena,Informer,full,,0,0.39945245,0.06056870039956023,0.15162931,0.054936305102271335,0.13752902,0.8428571428571429,,,,
jena,Informer,full,,1,0.40632105,0.06041775513564546,0.14869462,0.0538189684053262,0.13245429,0.8821428571428571,,,,
jena,Informer,full,,2,0.40838948,0.06261739221339425,0.15332763,0.0588374980998536,0.14407203,0.6321428571428571,,,,
jena,Informer,full,,3,0.42515397,0.048667707265820356,0.11447078,0.04598613052582369,0.108163476,0.6892857142857142,,,,
jena,Informer,full,,4,0.4054242,0.06515207450433323,0.16070099,0.061479240391092996,0.15164176,0.825,,,,
jena,LSTM,full,_normoff,0,0.39111164,0.06189585693056384,0.15825625,0.052184670994679126,0.13342653,0.7392857142857142,,,,
jena,LSTM,full,_normoff,1,0.3901154,0.06658979766520984,0.17069255,0.06319574732783563,0.16199245,0.8785714285714284,,,,
jena,LSTM,full,_normoff,2,0.39227793,0.05920297915845489,0.150921,0.06021392850934839,0.15349813,0.907142857142857,,,,
jena,LSTM,full,_normoff,3,0.4010504,0.05912337884167211,0.14742132,0.05646605066815393,0.1407954,0.7964285714285713,,,,
jena,LSTM,full,_normoff,4,0.38881928,0.05858028392322984,0.15066198,0.05504505625941482,0.14156978,0.8821428571428571,,,,
jena,PatchTST,full,,0,0.43041772,0.10430574539753919,0.24233608,0.09939398742917305,0.23092447,0.988235294117647,,,,
jena,PatchTST,full,,1,0.4272658,0.10408683785656465,0.24361145,0.10047033601859585,0.23514715,0.9941176470588236,,,,
jena,PatchTST,full,,2,0.43085083,0.10333766664471478,0.23984557,0.09849231249745935,0.22859956,0.988235294117647,,,,
jena,PatchTST,full,,3,0.4309257,0.10272085822249452,0.23837255,0.09971730313325922,0.23140255,0.9941176470588236,,,,
jena,PatchTST,full,,4,0.4229889,0.10591712599449479,0.25040168,0.10075972994618738,0.23820892,0.988235294117647,,,,
jena,TFT,full,,0,0.409036,0.09386614411215607,0.22948138,0.09046006671230619,0.22115429,0.8357142857142855,,,,
jena,TFT,full,,1,0.4146978,0.09069971405838925,0.2187128,0.08500535526250799,0.20498146,0.9035714285714285,,,,
jena,TFT,full,,2,0.42167458,0.09721718486739946,0.23055027,0.09255518153651307,0.21949433,0.6428571428571428,,,,
jena,TFT,full,,3,0.40049165,0.10366788091200094,0.25885153,0.09442592168288926,0.23577501,0.8035714285714284,,,,
jena,TFT,full,,4,0.41855112,0.09337969733433177,0.22310226,0.05859350884364297,0.13999128,0.7499999999999999,,,,
jena,TimesNet,full,,0,0.40697283,0.10629373030643907,0.26118138,0.09571478111576287,0.23518714,0.5607142857142856,,,,
jena,TimesNet,full,,1,0.4118015,0.10232496852163846,0.2484813,0.08014704926048094,0.19462545,0.5535714285714285,,,,
jena,TimesNet,full,,2,0.40824336,0.1025551292222614,0.25121078,0.08304483260183283,0.20341992,0.6749999999999999,,,,
jena,TimesNet,full,,3,0.40652624,0.10170339334119731,0.2501767,0.0899594888772505,0.22128826,0.3142857142857143,,,,
jena,TimesNet,full,,4,0.40835372,0.11020556351790826,0.2698777,0.07739395663763088,0.18952677,0.7607142857142856,,,,
jena,Transformer,full,,0,0.40838996,0.05205331642289335,0.12745984,0.05045359239090854,0.12354269,0.7178571428571427,,,,
jena,Transformer,full,,1,0.40059644,0.061173877890997874,0.152707,0.057585628542893876,0.14374973,0.8178571428571428,,,,
jena,Transformer,full,,2,0.4220066,0.04463124541829651,0.10575959,0.04030135205279415,0.095499344,0.7928571428571427,,,,
jena,Transformer,full,,3,0.41908127,0.056348769477568575,0.13445786,0.049448910093866295,0.11799361,0.8642857142857141,,,,
jena,Transformer,full,,4,0.40555468,0.062680967607225,0.15455614,0.05005405870142084,0.12342123,0.5928571428571427,,,,
jena,XAI-MeteoFormer,no_revin,,0,0.37420958,0.0813185892884309,0.2173076,0.08192229511930296,0.21892089,0.7392857142857142,0.00041440632908293915,0.0011074177455157042,0.46071428571428563,0.4928571428571427
jena,XAI-MeteoFormer,no_revin,,1,0.38194957,0.08207893652639661,0.21489468,0.07855768019131694,0.20567553,0.6642857142857141,-0.03582960201629128,-0.093807153403759,0.1964285714285714,-0.2964285714285714
jena,XAI-MeteoFormer,no_revin,,2,0.3746979,0.0804453344233334,0.21469386,0.07659542049840093,0.20441914,0.8357142857142855,0.022160638548433774,0.05914268270134926,0.8464285714285712,0.6714285714285713
jena,XAI-MeteoFormer,no_revin,,3,0.3807577,0.0766214403694806,0.20123413,0.07834442103266095,0.20575926,0.9535714285714283,0.026398101243966576,0.06933044642210007,0.7999999999999999,0.8142857142857142
jena,XAI-MeteoFormer,no_revin,,4,0.38143638,0.07943244392890483,0.20824559,0.076377311934717,0.20023604,0.6357142857142856,0.009449202501215037,0.024772683158516884,0.11785714285714284,0.1714285714285714
jena,XAI-MeteoFormer,no_revin+no_entropy,,0,0.37942594,0.08272862937441096,0.21803631,0.07846855130186305,0.20680861,0.825,0.03658185321977362,0.09641367942094803,0.0035714285714285704,0.33928571428571425
jena,XAI-MeteoFormer,no_revin+no_entropy,,1,0.38437527,0.07906092487446344,0.20568682,0.07699809678069627,0.20032011,0.7392857142857142,0.043475599476912374,0.11310716718435287,0.125,0.12857142857142856
jena,XAI-MeteoFormer,no_revin+no_entropy,,2,0.3702879,0.08169915757328271,0.22063684,0.07967454276233911,0.21516918,0.8821428571428571,0.054160946860909456,0.1462671160697937,0.5607142857142856,0.7428571428571428
jena,XAI-MeteoFormer,no_revin+no_entropy,,3,0.38095436,0.07663604794427133,0.20116858,0.07470796620830274,0.19610739,0.6964285714285713,0.004881184868359323,0.012813044711947441,0.47142857142857136,0.6857142857142856
jena,XAI-MeteoFormer,no_revin+no_entropy,,4,0.39325958,0.07382545788275699,0.18772703,0.07244289424705008,0.18421139,0.8964285714285712,0.05792223848837117,0.1472875475883484,0.34642857142857136,0.4428571428571427
jena,XAI-MeteoFormer,full,,0,0.40268618,0.10545890706032515,0.26188856,0.09887716392427684,0.24554397,0.7142857142857142,0.058565048113465315,0.14543594419956207,0.7857142857142856,0.39642857142857135
jena,XAI-MeteoFormer,full,,1,0.40188226,0.10537213716159263,0.26219654,0.09839565507570902,0.24483702,0.575,0.025332980318615826,0.06303582340478897,0.7749999999999999,0.3571428571428571
jena,XAI-MeteoFormer,full,,2,0.39907256,0.09421425791938479,0.23608303,0.08660202404965336,0.21700822,0.6249999999999999,0.08512364918847258,0.21330370008945465,0.9035714285714285,0.5928571428571427
jena,XAI-MeteoFormer,full,,3,0.3988769,0.10723878536885603,0.26885182,0.09826251037931069,0.24634796,0.6321428571428571,0.08735363930976017,0.218998983502388,0.8321428571428571,0.6464285714285712
jena,XAI-MeteoFormer,full,,4,0.40212828,0.10842363847962892,0.2696245,0.09994950200042999,0.2485513,0.6214285714285712,0.10702361943743503,0.26614299416542053,0.8964285714285712,0.5785714285714285
jena,iTransformer,full,,0,0.4212439,0.11019981580444922,0.2616057,0.10297688233324638,0.24445903,0.7071428571428571,,,,
jena,iTransformer,full,,1,0.42608434,0.10693263044627384,0.2509659,0.09924727188469842,0.2329287,0.8535714285714284,,,,
jena,iTransformer,full,,2,0.42610282,0.10950990381604062,0.25700346,0.10380600268905985,0.24361727,0.7142857142857142,,,,
jena,iTransformer,full,,3,0.42256206,0.11075503305966657,0.2621036,0.10488989313567679,0.24822363,0.7428571428571428,,,,
jena,iTransformer,full,,4,0.42982078,0.10734121436097968,0.24973482,0.1015126029200231,0.23617426,0.8999999999999999,,,,
beijing_aotizhongxin,Autoformer,full,_normon,0,0.37428838,0.03080559477975059,0.08230444,0.026001355953714146,0.06946878,0.6967032967032967,,,,
beijing_aotizhongxin,Autoformer,full,_normon,1,0.37969005,0.034473839163713695,0.09079469,0.03017370107018257,0.07946929,0.6835164835164835,,,,
beijing_aotizhongxin,Autoformer,full,_normon,2,0.3773022,0.025608383796310842,0.06787234,0.022847105029172123,0.06055386,0.5252747252747253,,,,
beijing_aotizhongxin,Autoformer,full,_normon,3,0.3752485,0.026576968984279248,0.07082499,0.024579950602326005,0.06550313,0.5824175824175825,,,,
beijing_aotizhongxin,Autoformer,full,_normon,4,0.37828958,0.026816197836971166,0.07088802,0.025150682067698125,0.06648526,0.3538461538461538,,,,
beijing_aotizhongxin,Crossformer,full,,0,0.30815166,0.06061190068954603,0.19669503,0.05543116729939357,0.17988275,0.9340659340659341,,,,
beijing_aotizhongxin,Crossformer,full,,1,0.31034502,0.05221615983805219,0.16825196,0.04805862719825069,0.15485549,0.8153846153846154,,,,
beijing_aotizhongxin,Crossformer,full,,2,0.3008019,0.06287164122997116,0.20901345,0.05741214565200996,0.19086364,0.7714285714285714,,,,
beijing_aotizhongxin,Crossformer,full,,3,0.2943249,0.05299780163381781,0.18006563,0.04887021282155599,0.16604172,0.8021978021978022,,,,
beijing_aotizhongxin,Crossformer,full,,4,0.2914514,0.04949648084850716,0.16982757,0.04530882415162133,0.15545928,0.7098901098901099,,,,
beijing_aotizhongxin,DLinear,full,,0,0.31771222,0.059544041517656285,0.18741502,0.04540702300844714,0.14291872,0.7598089147705227,,,,
beijing_aotizhongxin,DLinear,full,,1,0.31730476,0.05988220609458429,0.18872142,0.045684019343129226,0.14397521,0.7598089147705227,,,,
beijing_aotizhongxin,DLinear,full,,2,0.31580812,0.06037774673929173,0.19118491,0.04567200812777239,0.14461948,0.7598089147705227,,,,
beijing_aotizhongxin,DLinear,full,,3,0.31625438,0.06015779557438302,0.19021964,0.04559401747571039,0.14416881,0.7598089147705227,,,,
beijing_aotizhongxin,DLinear,full,,4,0.31567383,0.060268043977474525,0.19091873,0.045660408501779395,0.14464428,0.7598089147705227,,,,
beijing_aotizhongxin,Informer,full,,0,0.34747642,0.028637421850913336,0.08241544,0.024244622022711805,0.06977343,0.4901098901098901,,,,
beijing_aotizhongxin,Informer,full,,1,0.32420036,0.02472392184593316,0.07626124,0.01930491061814662,0.059546236,0.6175824175824175,,,,
beijing_aotizhongxin,Informer,full,,2,0.3497989,0.018873261324063473,0.053954605,0.012927636540428333,0.03695734,0.3362637362637363,,,,
beijing_aotizhongxin,Informer,full,,3,0.34222648,0.02639929780038074,0.07713985,0.022782753661740575,0.06657215,0.6263736263736264,,,,
beijing_aotizhongxin,Informer,full,,4,0.3691545,0.025523748578769833,0.0691411,0.016716097066445022,0.045282114,0.45494505494505494,,,,
beijing_aotizhongxin,LSTM,full,,0,0.32033366,0.05337754791868583,0.16663109,0.031046356133052268,0.09691881,0.7758241758241758,,,,
beijing_aotizhongxin,LSTM,full,,1,0.33308223,0.052044535066067654,0.15625131,0.023339463426798056,0.070071176,0.5868131868131868,,,,
beijing_aotizhongxin,LSTM,full,,2,0.3240834,0.05606203247260834,0.17298643,0.020714938532827153,0.063918546,0.5032967032967033,,,,
beijing_aotizhongxin,LSTM,full,,3,0.32233536,0.05595508821275351,0.17359278,0.023136386014188503,0.07177737,0.6747252747252748,,,,
beijing_aotizhongxin,LSTM,full,,4,0.33041266,0.054291728598597856,0.16431493,0.023777470154288625,0.07196295,0.5956043956043956,,,,
beijing_aotizhongxin,PatchTST,full,,0,0.3196565,0.05674984592578507,0.17753385,0.05098412247008778,0.15949659,0.9862068965517239,,,,
beijing_aotizhongxin,PatchTST,full,,1,0.31809872,0.057082222062163054,0.17944813,0.04455041482578963,0.14005217,0.9655172413793103,,,,
beijing_aotizhongxin,PatchTST,full,,2,0.323559,0.05526069373624133,0.17079018,0.05149808161692428,0.15916134,0.9862068965517239,,,,
beijing_aotizhongxin,PatchTST,full,,3,0.32723117,0.05519999705421339,0.16868807,0.054840432779663904,0.16758928,0.9931034482758619,,,,
beijing_aotizhongxin,PatchTST,full,,4,0.31561,0.05843777582415246,0.1851582,0.05236352466412686,0.16591214,0.9862068965517239,,,,
beijing_aotizhongxin,TFT,full,,0,0.32644138,0.03370122397750883,0.10323821,0.029935062680992174,0.09170119,0.6835164835164835,,,,
beijing_aotizhongxin,TFT,full,,1,0.34031183,0.048278015024760465,0.14186405,0.042892678297856555,0.12603934,0.7010989010989012,,,,
beijing_aotizhongxin,TFT,full,,2,0.340923,0.04611503480368162,0.13526525,0.0375797760336926,0.11022951,0.8109890109890111,,,,
beijing_aotizhongxin,TFT,full,,3,0.35150856,0.04249565926247408,0.120895095,0.033351096183593776,0.0948799,0.7802197802197802,,,,
beijing_aotizhongxin,TFT,full,,4,0.3473804,0.03878685362404214,0.11165528,0.033778551814612014,0.09723793,0.745054945054945,,,,
beijing_aotizhongxin,TimesNet,full,,0,0.3184929,0.05602104714838788,0.17589419,0.04779866347787902,0.15007764,0.6747252747252748,,,,
beijing_aotizhongxin,TimesNet,full,,1,0.3247703,0.0555369237956724,0.1710037,0.04523175136718367,0.13927306,0.6043956043956044,,,,
beijing_aotizhongxin,TimesNet,full,,2,0.33606973,0.0574346019886434,0.17090085,0.02426779618486761,0.072210595,0.6967032967032967,,,,
beijing_aotizhongxin,TimesNet,full,,3,0.3133954,0.05669121560308018,0.18089357,0.033998979410555755,0.10848589,0.7186813186813187,,,,
beijing_aotizhongxin,TimesNet,full,,4,0.33992884,0.054684100980271724,0.16086927,0.02490891636382523,0.073276855,0.5824175824175825,,,,
beijing_aotizhongxin,Transformer,full,_normon,0,0.3515319,0.04669601167119773,0.13283578,0.02344523191950949,0.06669447,0.4593406593406593,,,,
beijing_aotizhongxin,Transformer,full,_normon,1,0.35520422,0.04526676424246813,0.12743871,0.013642133701858771,0.038406454,0.2087912087912088,,,,
beijing_aotizhongxin,Transformer,full,_normon,2,0.35221493,0.06129427336655291,0.1740252,0.008657421958965383,0.02457994,0.2043956043956044,,,,
beijing_aotizhongxin,Transformer,full,_normon,3,0.34203142,0.04456122744695416,0.13028401,0.011732334400128042,0.034301918,0.4241758241758242,,,,
beijing_aotizhongxin,Transformer,full,_normon,4,0.34467274,0.0485119616895515,0.14074789,0.01593364493023338,0.046228327,0.3098901098901099,,,,
beijing_aotizhongxin,XAI-MeteoFormer,no_revin,,0,0.3135899,0.052965935320327326,0.16890192,0.048016673979083345,0.15311933,0.8021978021978022,0.046458926834831285,0.14815185964107513,0.6087912087912088,0.5252747252747253
beijing_aotizhongxin,XAI-MeteoFormer,no_revin,,1,0.31676126,0.04273989290597714,0.13492778,0.03980518697428383,0.12566306,0.5736263736263736,0.004059726285215992,0.012816360220313072,0.1076923076923077,0.01098901098901099
beijing_aotizhongxin,XAI-MeteoFormer,no_revin,,2,0.30912,0.04566345449270946,0.1477208,0.040620126591197084,0.13140568,0.8549450549450549,0.023553201013377732,0.07619436085224152,0.12087912087912088,0.1164835164835165
beijing_aotizhongxin,XAI-MeteoFormer,no_revin,,3,0.30707684,0.04491870128782466,0.14627838,0.04044929039897397,0.13172367,0.7318681318681319,-0.029353242095094177,-0.09558924287557602,-0.22637362637362637,-0.4593406593406593
beijing_aotizhongxin,XAI-MeteoFormer,no_revin,,4,0.30847636,0.045249099116772405,0.1466858,0.032992211002856486,0.10695215,0.38461538461538464,0.02658730773255229,0.08618912845849991,0.7186813186813187,0.4945054945054946
beijing_aotizhongxin,XAI-MeteoFormer,no_revin+no_entropy,,0,0.30769664,0.04633146469847166,0.15057515,0.04425384524644219,0.14382297,0.8197802197802198,0.03586105966375076,0.11654680222272873,0.832967032967033,0.7538461538461538
beijing_aotizhongxin,XAI-MeteoFormer,no_revin+no_entropy,,1,0.30656326,0.038611676319435774,0.12595011,0.035194729882225925,0.114804134,0.8021978021978022,0.03353276649390215,0.10938285291194916,0.7758241758241758,0.8373626373626375
beijing_aotizhongxin,XAI-MeteoFormer,no_revin+no_entropy,,2,0.31889048,0.04604834042556053,0.14440174,0.04256178004733687,0.13346833,0.8153846153846154,0.03505328999898797,0.10992266237735748,0.8417582417582418,0.7802197802197802
beijing_aotizhongxin,XAI-MeteoFormer,no_revin+no_entropy,,3,0.30021638,0.04187743622044632,0.13949084,0.035343239784041136,0.117725894,0.7714285714285714,0.02337750767523953,0.07786886394023895,0.7890109890109891,0.7538461538461538
beijing_aotizhongxin,XAI-MeteoFormer,no_revin+no_entropy,,4,0.29741246,0.04488866251460941,0.15093067,0.0420009025049928,0.14122106,0.7582417582417583,0.03380524019278319,0.11366450786590576,0.8417582417582418,0.7318681318681319
beijing_aotizhongxin,XAI-MeteoFormer,full,,0,0.31305617,0.05256154461697275,0.16789812,0.03544785263881618,0.1132316,0.4813186813186813,0.01577167724192674,0.05037970468401909,0.37142857142857144,0.2087912087912088
beijing_aotizhongxin,XAI-MeteoFormer,full,,1,0.3085017,0.055291584610739464,0.1792262,0.05055460038761209,0.1638714,0.7978021978021977,0.04127736651504945,0.1337994933128357,0.7186813186813187,0.5340659340659341
beijing_aotizhongxin,XAI-MeteoFormer,full,,2,0.30679795,0.06032103763394324,0.19661486,0.045980171258228696,0.14987117,0.7142857142857143,0.027085217437374277,0.08828356117010117,0.5692307692307692,0.2043956043956044
beijing_aotizhongxin,XAI-MeteoFormer,full,,3,0.30503502,0.05429426916376021,0.17799357,0.03549066331669953,0.116349466,0.5912087912087912,0.04047695575714376,0.13269609212875366,0.2703296703296703,0.221978021978022
beijing_aotizhongxin,XAI-MeteoFormer,full,,4,0.3082251,0.05031784334519346,0.16325031,0.04237400754654248,0.13747747,0.6307692307692307,0.026798616622774198,0.08694495260715485,0.1956043956043956,0.3274725274725274
beijing_aotizhongxin,iTransformer,full,,0,0.31726778,0.05948589408304541,0.18749428,0.04472003768663853,0.14095362,0.5648351648351648,,,,
beijing_aotizhongxin,iTransformer,full,,1,0.31569344,0.060451472098606504,0.1914879,0.04560319072999326,0.14445403,0.5032967032967033,,,,
beijing_aotizhongxin,iTransformer,full,,2,0.31746477,0.05981755025851142,0.18842264,0.04485032510178697,0.14127654,0.5032967032967033,,,,
beijing_aotizhongxin,iTransformer,full,,3,0.31475112,0.06081678678314867,0.19322184,0.04568126845206799,0.14513457,0.45054945054945056,,,,
beijing_aotizhongxin,iTransformer,full,,4,0.31864744,0.05921913700776973,0.18584532,0.04363820087763348,0.13694821,0.5956043956043956,,,,
