dataset,loss,channel,baseline,mean_diff,DM,p_raw,lag,p_holm
jena,abs,agg,Autoformer,-0.9637289423598423,-40.80928885908588,0.0,11,0.0
jena,abs,T,Autoformer,-0.9501213038774813,-26.34280007044093,0.0,11,0.0
jena,abs,RH,Autoformer,-1.2510520839608876,-19.243744191203128,0.0,11,0.0
jena,abs,P,Autoformer,-1.5387904366394574,-33.57469298967676,0.0,11,0.0
jena,abs,WS,Autoformer,-0.11495194496154248,-17.11038775485521,0.0,11,0.0
jena,abs,agg,Crossformer,-0.08239832909295164,-6.813334654228894,9.92850246461785e-12,11,9.92850246461785e-12
jena,abs,T,Crossformer,-0.5770998421082805,-18.536514544006096,0.0,11,0.0
jena,abs,RH,Crossformer,0.22486709986353823,7.269908156420413,3.788080960021034e-13,11,1.5152323840084136e-12
jena,abs,P,Crossformer,0.00724551263311293,0.436104222622225,0.6627678830092778,11,0.6627678830092778
jena,abs,WS,Crossformer,0.015393913239822778,6.581448175993042,4.8257842166776754e-11,11,2.4128921083388377e-10
jena,abs,agg,DLinear,-0.3981737890436316,-16.340128054927145,0.0,11,0.0
jena,abs,T,DLinear,-0.1640342983651405,-6.387602662851187,1.7386714290523742e-10,11,1.7386714290523742e-10
jena,abs,RH,DLinear,-0.5570239673535327,-8.282889031305286,0.0,11,0.0
jena,abs,P,DLinear,-0.7937219227895151,-16.58857035462313,0.0,11,0.0
jena,abs,WS,DLinear,-0.07791496766633824,-10.192503658754044,0.0,11,0.0
jena,abs,agg,Informer,-0.42698890134429324,-27.89189495385716,0.0,11,0.0
jena,abs,T,Informer,-0.9866720947955171,-26.44622254832988,0.0,11,0.0
jena,abs,RH,Informer,-0.26437747897449015,-7.214686258373199,5.684341886080801e-13,11,1.7053025658242404e-12
jena,abs,P,Informer,-0.4502863422357593,-20.07371785392777,0.0,11,0.0
jena,abs,WS,Informer,-0.006619689371406477,-2.221409858104386,0.02633925225315048,11,0.02633925225315048
jena,abs,agg,LSTM,-0.32917082079065874,-18.270821936255338,0.0,11,0.0
jena,abs,T,LSTM,-0.5060193935434366,-15.368412567915668,0.0,11,0.0
jena,abs,RH,LSTM,-0.4523856584160203,-8.634072280507743,0.0,11,0.0
jena,abs,P,LSTM,-0.32174040759904604,-12.408308286350806,0.0,11,0.0
jena,abs,WS,LSTM,-0.03653782360413216,-6.803514072681008,1.0627276836316923e-11,11,6.376366101790154e-11
jena,abs,agg,PatchTST,-0.3228286914753325,-15.713405314295015,0.0,11,0.0
jena,abs,T,PatchTST,-0.4054388487912337,-13.351666521686402,0.0,11,0.0
jena,abs,RH,PatchTST,-0.601332021175575,-9.376707119388694,0.0,11,0.0
jena,abs,P,PatchTST,-0.22776150714858545,-8.536175243379885,0.0,11,0.0
jena,abs,WS,PatchTST,-0.056782388785935584,-9.549177105724414,0.0,11,0.0
jena,abs,agg,TFT,-0.3594907442778209,-21.232265345063997,0.0,11,0.0
jena,abs,T,TFT,-0.5484793544709079,-17.511300651294274,0.0,11,0.0
jena,abs,RH,TFT,-0.3963252720834196,-8.089323611767888,6.661338147750939e-16,11,3.3306690738754696e-15
jena,abs,P,TFT,-0.4659246663578221,-18.783202197100074,0.0,11,0.0
jena,abs,WS,TFT,-0.027233684199133894,-6.117305498332464,9.772240794347908e-10,11,3.908896317739163e-09
jena,abs,agg,TimesNet,-0.28548087654154713,-16.225749033023693,0.0,11,0.0
jena,abs,T,TimesNet,-0.4708698744027592,-14.90035019547358,0.0,11,0.0
jena,abs,RH,TimesNet,-0.27031656454192543,-5.4006721576531955,6.748307246340346e-08,11,6.748307246340346e-08
jena,abs,P,TimesNet,-0.3731447150181312,-13.420595122424423,0.0,11,0.0
jena,abs,WS,TimesNet,-0.02759235220337266,-5.336537164164181,9.622494268057835e-08,11,1.924498853611567e-07
jena,abs,agg,Transformer,-0.4245997756928355,-27.361439179737925,0.0,11,0.0
jena,abs,T,Transformer,-0.8448774863063314,-22.135568148327334,0.0,11,0.0
jena,abs,RH,Transformer,-0.3222114296364494,-9.262240061770473,0.0,11,0.0
jena,abs,P,Transformer,-0.5136614787705437,-19.17150394491071,0.0,11,0.0
jena,abs,WS,Transformer,-0.017648708058017413,-5.915421934426914,3.3880105387851245e-09,11,1.0164031616355373e-08
jena,abs,agg,iTransformer,-0.2700252694556364,-13.827680230773236,0.0,11,0.0
jena,abs,T,iTransformer,-0.37817318917975506,-12.026762597687398,0.0,11,0.0
jena,abs,RH,iTransformer,-0.3419538568986386,-6.032673567623667,1.653614134511372e-09,11,3.307228269022744e-09
jena,abs,P,iTransformer,-0.29059793272796475,-10.468858997984295,0.0,11,0.0
jena,abs,WS,iTransformer,-0.06937609901618705,-9.700916479985855,0.0,11,0.0
jena,sq,agg,Autoformer,-11.57973553349814,-24.098471170113392,0.0,11,0.0
jena,sq,T,Autoformer,-6.8173377444498495,-23.94705026419339,0.0,11,0.0
jena,sq,RH,Autoformer,-25.370163166310988,-14.861241157163887,0.0,11,0.0
jena,sq,P,Autoformer,-13.839768661672737,-21.271325421319666,0.0,11,0.0
jena,sq,WS,Autoformer,-0.29167256155898263,-11.598149608567264,0.0,11,0.0
jena,sq,agg,Crossformer,1.0513115930058787,5.239451522407216,1.6340710118356583e-07,11,1.6340710118356583e-07
jena,sq,T,Crossformer,-3.5250253233182316,-16.02144084206821,0.0,11,0.0
jena,sq,RH,Crossformer,7.517055507047485,10.135766918346784,0.0,11,0.0
jena,sq,P,Crossformer,0.19513895254739616,1.4037746015760733,0.16040830851132437,11,0.16040830851132437
jena,sq,WS,Crossformer,0.018077235746865206,2.2139370737240625,0.026849268636169654,11,0.05369853727233931
jena,sq,agg,DLinear,-5.418146237472984,-10.79747257276296,0.0,11,0.0
jena,sq,T,DLinear,-1.2925374578797433,-7.3094055209294915,2.828848266744899e-13,11,2.828848266744899e-13
jena,sq,RH,DLinear,-13.580029849035714,-7.349509588990706,2.1005419625907962e-13,11,1.5241141682054149e-12
jena,sq,P,DLinear,-6.595437777501095,-12.157409243996664,0.0,11,0.0
jena,sq,WS,DLinear,-0.20457986547537832,-6.316384463987054,2.7590152384959765e-10,11,1.655409143097586e-09
jena,sq,agg,Informer,-3.9770189310454462,-14.587487099515588,0.0,11,0.0
jena,sq,T,Informer,-6.844400646318097,-21.803523696177695,0.0,11,0.0
jena,sq,RH,Informer,-5.959565900814091,-6.324948654600352,2.6106694583916124e-10,11,1.3053347291958062e-09
jena,sq,P,Informer,-3.0924852169072192,-13.191313872861466,0.0,11,0.0
jena,sq,WS,Informer,-0.011623960142376268,-1.188253603101697,0.23475380254589417,11,0.23475380254589417
jena,sq,agg,LSTM,-3.167851849820145,-9.034891557625686,0.0,11,0.0
jena,sq,T,LSTM,-3.379701408081464,-14.146419490172475,0.0,11,0.0
jena,sq,RH,LSTM,-6.684223571623201,-5.149138139255088,2.6525862129034294e-07,11,1.0610344851613718e-06
jena,sq,P,LSTM,-2.479759045107204,-9.069591271651303,0.0,11,0.0
jena,sq,WS,LSTM,-0.12772337446871385,-6.486392427331332,9.088862995554337e-11,11,6.362204096888036e-10
jena,sq,agg,PatchTST,-4.013615780395051,-9.181576574927725,0.0,11,0.0
jena,sq,T,PatchTST,-2.83178673835532,-12.597719387894362,0.0,11,0.0
jena,sq,RH,PatchTST,-11.415449721061472,-6.828459421793129,8.939293749676835e-12,11,5.363576249806101e-11
jena,sq,P,PatchTST,-1.6461861021821063,-6.530752188749671,6.771361249491292e-11,11,1.3542722498982585e-10
jena,sq,WS,PatchTST,-0.16104055998130837,-7.65978447630106,1.9984014443252818e-14,11,1.5987211554602254e-13
jena,sq,agg,TFT,-3.0798509845468227,-9.520581785955688,0.0,11,0.0
jena,sq,T,TFT,-3.7031099196860127,-15.99932075234054,0.0,11,0.0
jena,sq,RH,TFT,-5.086168743850318,-4.200641683151931,2.6781866180547453e-05,11,5.356373236109491e-05
jena,sq,P,TFT,-3.444397174527974,-13.067114446369338,0.0,11,0.0
jena,sq,WS,TFT,-0.08572810012298646,-5.2787770206458955,1.320047233743793e-07,11,6.600236168718965e-07
jena,sq,agg,TimesNet,-2.114666013441613,-6.354326566356886,2.1586510356996769e-10,11,4.3173020713993537e-10
jena,sq,T,TimesNet,-3.059958735789331,-13.55140740928784,0.0,11,0.0
jena,sq,RH,TimesNet,-2.5273716167511067,-2.0538332125517784,0.040010491437269646,11,0.040010491437269646
jena,sq,P,TimesNet,-2.774740844103686,-9.307374464189625,0.0,11,0.0
jena,sq,WS,TimesNet,-0.09659285712232556,-5.041226203599464,4.683745316036436e-07,11,1.8734981264145745e-06
jena,sq,agg,Transformer,-3.9313455407706224,-15.480367455854237,0.0,11,0.0
jena,sq,T,Transformer,-5.839840783872936,-17.742988891773457,0.0,11,0.0
jena,sq,RH,Transformer,-6.205322992643459,-7.362571650662062,1.9051427102567686e-13,11,1.5241141682054149e-12
jena,sq,P,Transformer,-3.633349961449948,-12.627198410689141,0.0,11,0.0
jena,sq,WS,Transformer,-0.04686842511614349,-4.434603152330079,9.294943381643606e-06,11,2.7884830144930817e-05
jena,sq,agg,iTransformer,-3.185846390467154,-7.970916465360307,1.7763568394002505e-15,11,5.329070518200751e-15
jena,sq,T,iTransformer,-2.9479057181216466,-11.531654866320922,0.0,11,0.0
jena,sq,RH,iTransformer,-7.288271902420496,-4.910559032776833,9.184856146760012e-07,11,2.7554568440280036e-06
jena,sq,P,iTransformer,-2.256786719477764,-7.8050226341632145,6.439293542825908e-15,11,1.9317880628477724e-14
jena,sq,WS,iTransformer,-0.2504212218487107,-7.92487683786409,2.4424906541753444e-15,11,2.19824158875781e-14
beijing_aotizhongxin,abs,agg,Autoformer,-1.310687709068821,-20.598014840570592,0.0,10,0.0
beijing_aotizhongxin,abs,T,Autoformer,-1.2618205009743297,-24.642165845952555,0.0,10,0.0
beijing_aotizhongxin,abs,RH,Autoformer,-2.205463774194457,-11.06982066735679,0.0,10,0.0
beijing_aotizhongxin,abs,P,Autoformer,-1.709264397716822,-16.418953706604817,0.0,10,0.0
beijing_aotizhongxin,abs,WS,Autoformer,-0.06620216338967524,-9.248375236166632,0.0,10,0.0
beijing_aotizhongxin,abs,agg,Crossformer,-0.09644865954707108,-3.4866811274878318,0.0004921018767274354,10,0.0009842037534548709
beijing_aotizhongxin,abs,T,Crossformer,-1.0238977504169295,-22.41206334114354,0.0,10,0.0
beijing_aotizhongxin,abs,RH,Crossformer,0.5804388812108693,6.18224618850804,6.680322961472029e-10,10,5.3442583691776235e-09
beijing_aotizhongxin,abs,P,Crossformer,0.04145644746945911,1.7321668094238267,0.08328859403056499,10,0.08328859403056499
beijing_aotizhongxin,abs,WS,Crossformer,0.016207783548316715,5.4092676005320435,6.54093890162244e-08,10,3.27046945081122e-07
beijing_aotizhongxin,abs,agg,DLinear,-0.2117094418045405,-4.440232886107442,9.126266636627633e-06,10,2.73787999098829e-05
beijing_aotizhongxin,abs,T,DLinear,-0.00772829692361884,-0.2703441102902521,0.7869036256238711,10,1.0
beijing_aotizhongxin,abs,RH,DLinear,-0.21568943489107908,-1.3598333014766923,0.17392715044487583,10,0.6957086017795033
beijing_aotizhongxin,abs,P,DLinear,-0.56830052505578,-9.53104397520579,0.0,10,0.0
beijing_aotizhongxin,abs,WS,DLinear,-0.055119510347684114,-8.114797098962505,4.440892098500626e-16,10,3.552713678800501e-15
beijing_aotizhongxin,abs,agg,Informer,-0.781456209700548,-20.02631741737861,0.0,10,0.0
beijing_aotizhongxin,abs,T,Informer,-1.73070583709709,-27.354684848614532,0.0,10,0.0
beijing_aotizhongxin,abs,RH,Informer,-0.7500687333596395,-5.489580504970209,4.172357459530929e-08,10,2.92065022167165e-07
beijing_aotizhongxin,abs,P,Informer,-0.6174410253888546,-15.237436271204809,0.0,10,0.0
beijing_aotizhongxin,abs,WS,Informer,-0.027609242956607213,-5.329740357719279,1.0147117079917223e-07,10,4.058846831966889e-07
beijing_aotizhongxin,abs,agg,LSTM,-0.1921894668511799,-5.125097820940071,3.054700326021731e-07,10,1.2218801304086924e-06
beijing_aotizhongxin,abs,T,LSTM,-0.5573357161449785,-12.708593784184469,0.0,10,0.0
beijing_aotizhongxin,abs,RH,LSTM,0.141377588951677,1.103689692505833,0.26976629074356273,10,0.8092988722306882
beijing_aotizhongxin,abs,P,LSTM,-0.3275368197493891,-8.895017057631303,0.0,10,0.0
beijing_aotizhongxin,abs,WS,LSTM,-0.025262920462029093,-4.836395270050707,1.3508322542765683e-06,10,2.7016645085531366e-06
beijing_aotizhongxin,abs,agg,PatchTST,-0.21978106554431362,-5.2359242174189635,1.6901519184209235e-07,10,8.450759592104617e-07
beijing_aotizhongxin,abs,T,PatchTST,-0.16304321309391312,-5.510600107097736,3.705396633968405e-08,10,1.1116189901905216e-07
beijing_aotizhongxin,abs,RH,PatchTST,-0.3850499987377473,-2.6223894228850155,0.008750762290681502,10,0.04375381145340751
beijing_aotizhongxin,abs,P,PatchTST,-0.29672963253737705,-7.345193078963893,2.291500322826323e-13,10,4.583000645652646e-13
beijing_aotizhongxin,abs,WS,PatchTST,-0.03430141780821705,-6.126474922643027,9.479337315099201e-10,10,5.687602389059521e-09
beijing_aotizhongxin,abs,agg,TFT,-0.5252636168769115,-14.013730648990173,0.0,10,0.0
beijing_aotizhongxin,abs,T,TFT,-0.944952262649441,-18.549689516925973,0.0,10,0.0
beijing_aotizhongxin,abs,RH,TFT,-0.4085560091469118,-3.4192688165996192,0.0006315347428169638,10,0.0037892084569017825
beijing_aotizhongxin,abs,P,TFT,-0.7118534307039559,-14.303218251866321,0.0,10,0.0
beijing_aotizhongxin,abs,WS,TFT,-0.03569276500733716,-6.701146430553847,2.2312374170496696e-11,10,1.5618661919347687e-10
beijing_aotizhongxin,abs,agg,TimesNet,-0.27540914152752033,-6.984179909136682,3.1330493754921918e-12,10,1.879829625295315e-11
beijing_aotizhongxin,abs,T,TimesNet,-0.6949005079544146,-16.447242961607458,0.0,10,0.0
beijing_aotizhongxin,abs,RH,TimesNet,-0.018770419513369493,-0.13792714558754973,0.8903020245006867,10,0.8903020245006867
beijing_aotizhongxin,abs,P,TimesNet,-0.37073872050542833,-8.892760625214544,0.0,10,0.0
beijing_aotizhongxin,abs,WS,TimesNet,-0.01722691813686893,-3.5051038171597573,0.00045933031550116077,10,0.00045933031550116077
beijing_aotizhongxin,abs,agg,Transformer,-0.8233330566783426,-18.923307929480305,0.0,10,0.0
beijing_aotizhongxin,abs,T,Transformer,-1.4754757485394867,-24.425104233311206,0.0,10,0.0
beijing_aotizhongxin,abs,RH,Transformer,-0.9871475817565327,-6.544118178353242,6.41420250246938e-11,10,5.772782252222441e-10
beijing_aotizhongxin,abs,P,Transformer,-0.8061161803830381,-14.482216177188786,0.0,10,0.0
beijing_aotizhongxin,abs,WS,Transformer,-0.02459271603431179,-5.0041342134647175,5.750370779544767e-07,10,1.72511123386343e-06
beijing_aotizhongxin,abs,agg,iTransformer,-0.10047952800350714,-2.405923279762662,0.016157811873501293,10,0.016157811873501293
beijing_aotizhongxin,abs,T,iTransformer,-0.01670746170477805,-0.608198183374035,0.5430760752676207,10,1.0
beijing_aotizhongxin,abs,RH,iTransformer,0.1234528544723108,0.8405503584204925,0.400629029563758,10,0.8092988722306882
beijing_aotizhongxin,abs,P,iTransformer,-0.45957780335933246,-9.342200038979223,0.0,10,0.0
beijing_aotizhongxin,abs,WS,iTransformer,-0.04908570142222871,-8.405059996908337,0.0,10,0.0
beijing_aotizhongxin,sq,agg,Autoformer,-23.72122464630124,-10.957907550617527,0.0,10,0.0
beijing_aotizhongxin,sq,T,Autoformer,-10.759099359209092,-20.323262626882467,0.0,10,0.0
beijing_aotizhongxin,sq,RH,Autoformer,-66.92399242204029,-8.219212191549504,2.220446049250313e-16,10,2.220446049250313e-15
beijing_aotizhongxin,sq,P,Autoformer,-17.040188865468586,-11.881603176264735,0.0,10,0.0
beijing_aotizhongxin,sq,WS,Autoformer,-0.16161793848699832,-8.210951422290513,2.220446049250313e-16,10,2.220446049250313e-15
beijing_aotizhongxin,sq,agg,Crossformer,3.4436505668428494,3.5657398199486137,0.00036529026214227045,10,0.002557031834995893
beijing_aotizhongxin,sq,T,Crossformer,-7.853276298172658,-20.5249457163141,0.0,10,0.0
beijing_aotizhongxin,sq,RH,Crossformer,21.681626580470905,5.65482367072046,1.6225152776883078e-08,10,1.460263749919477e-07
beijing_aotizhongxin,sq,P,Crossformer,-0.06404187587705981,-0.31911290866166797,0.7496505635597077,10,0.7496505635597077
beijing_aotizhongxin,sq,WS,Crossformer,0.010293860950214088,1.3587892747778412,0.17425782641972765,10,0.17425782641972765
beijing_aotizhongxin,sq,agg,DLinear,-2.7306607820836164,-1.7044871769456866,0.08833516845980416,10,0.4416758422990208
beijing_aotizhongxin,sq,T,DLinear,-0.08424011008814251,-0.4604459498228384,0.6452106819022245,10,0.6452106819022245
beijing_aotizhongxin,sq,RH,DLinear,-5.454459401189873,-0.87998215156391,0.3788996519030128,10,1.0
beijing_aotizhongxin,sq,P,DLinear,-5.276877783285905,-8.240492615119583,2.220446049250313e-16,10,1.1102230246251565e-15
beijing_aotizhongxin,sq,WS,DLinear,-0.10706583377054876,-5.8236925024537145,6.015070885823093e-09,10,4.6541751785866836e-08
beijing_aotizhongxin,sq,agg,Informer,-12.88632285224565,-8.2727186311565,2.220446049250313e-16,10,1.9984014443252818e-15
beijing_aotizhongxin,sq,T,Informer,-15.515386529058478,-23.235105399105038,0.0,10,0.0
beijing_aotizhongxin,sq,RH,Informer,-31.404112882018495,-5.097112707701583,3.540526054557347e-07,10,2.8324208436458775e-06
beijing_aotizhongxin,sq,P,Informer,-4.557501511942308,-11.638154546300969,0.0,10,0.0
beijing_aotizhongxin,sq,WS,Informer,-0.06829048596331319,-5.041903488793718,4.726816094091646e-07,10,2.8360896564549876e-06
beijing_aotizhongxin,sq,agg,LSTM,1.8361906606204106,1.412869059594141,0.15773937169940822,10,0.6309574867976329
beijing_aotizhongxin,sq,T,LSTM,-4.334850562997054,-11.564269419590332,0.0,10,0.0
beijing_aotizhongxin,sq,RH,LSTM,14.680674123218639,2.878777616562196,0.0040044792582067945,10,0.024026875549240767
beijing_aotizhongxin,sq,P,LSTM,-2.9385636947771228,-7.843312139995546,5.10702591327572e-15,10,1.532107773982716e-14
beijing_aotizhongxin,sq,WS,LSTM,-0.06249722296281957,-4.685338333659237,2.8485957996871036e-06,10,1.1394383198748415e-05
beijing_aotizhongxin,sq,agg,PatchTST,-1.9936742273448385,-1.367170888193026,0.17161632260483461,10,0.6309574867976329
beijing_aotizhongxin,sq,T,PatchTST,-1.249643232969212,-6.0766024313330815,1.2929601833633342e-09,10,3.8788805500900025e-09
beijing_aotizhongxin,sq,RH,PatchTST,-3.85731529910266,-0.6740437905188906,0.5003060728503672,10,1.0
beijing_aotizhongxin,sq,P,PatchTST,-2.771993778792973,-6.800452879855638,1.1303624702918569e-11,10,2.2607249405837138e-11
beijing_aotizhongxin,sq,WS,PatchTST,-0.09574459851450805,-5.829289932877364,5.8177189732333545e-09,10,4.6541751785866836e-08
beijing_aotizhongxin,sq,agg,TFT,-3.6033220570063667,-3.0543312217655387,0.00226424043382889,10,0.013585442602973341
beijing_aotizhongxin,sq,T,TFT,-7.5558368897114105,-16.559604757344914,0.0,10,0.0
beijing_aotizhongxin,sq,RH,TFT,-0.16849338399251074,-0.03707456986068055,0.9704266218292055,10,1.0
beijing_aotizhongxin,sq,P,TFT,-6.626748581307243,-11.516477077522776,0.0,10,0.0
beijing_aotizhongxin,sq,WS,TFT,-0.06220937301430082,-4.768769217458,1.8916220918541171e-06,10,9.458110459270586e-06
beijing_aotizhongxin,sq,agg,TimesNet,-0.9481192898974388,-0.6581705994312262,0.5104504918117847,10,1.0
beijing_aotizhongxin,sq,T,TimesNet,-5.3700433187342105,-14.676465407992612,0.0,10,0.0
beijing_aotizhongxin,sq,RH,TimesNet,5.218395501324872,0.9276246324474859,0.3536347900313732,10,1.0
beijing_aotizhongxin,sq,P,TimesNet,-3.5780740134875133,-7.957831343295927,1.9984014443252818e-15,10,7.993605777301127e-15
beijing_aotizhongxin,sq,WS,TimesNet,-0.06275532869290021,-4.329028460977726,1.5188692488399269e-05,10,3.0377384976798538e-05
beijing_aotizhongxin,sq,agg,Transformer,-12.728658608400972,-7.685807925106636,1.7319479184152442e-14,10,1.3855583347321954e-13
beijing_aotizhongxin,sq,T,Transformer,-13.265147246335802,-20.570587322412205,0.0,10,0.0
beijing_aotizhongxin,sq,RH,Transformer,-31.4673167073088,-4.813880357339021,1.5118118594781293e-06,10,1.0582683016346905e-05
beijing_aotizhongxin,sq,P,Transformer,-6.122312466184153,-10.526400903122637,0.0,10,0.0
beijing_aotizhongxin,sq,WS,Transformer,-0.05985801377512805,-4.443758369863711,8.978340947374264e-06,10,2.693502284212279e-05
beijing_aotizhongxin,sq,agg,iTransformer,-0.8227592815976259,-0.5207272263191293,0.6025735286151805,10,1.0
beijing_aotizhongxin,sq,T,iTransformer,-0.2814296622917243,-1.5946593264881177,0.11083427761641129,10,0.22166855523282258
beijing_aotizhongxin,sq,RH,iTransformer,1.6544268370313047,0.2676384910690633,0.7889856062953331,10,1.0
beijing_aotizhongxin,sq,P,iTransformer,-4.5488792167856245,-8.308067175639211,0.0,10,0.0
beijing_aotizhongxin,sq,WS,iTransformer,-0.11515508434446146,-6.823777410247327,9.621636820611457e-12,10,8.659473138550311e-11
