dataset,model,seed,a_val_T,a_oracle_T,sd_ratio_T,MSE_T_before,MSE_T_after,a_val_RH,a_oracle_RH,sd_ratio_RH,MSE_RH_before,MSE_RH_after,a_val_P,a_oracle_P,sd_ratio_P,MSE_P_before,MSE_P_after,a_val_WS,a_oracle_WS,sd_ratio_WS,MSE_WS_before,MSE_WS_after,MAE_before,MAE_after,RMSE_before,RMSE_after
jena,Autoformer,0,0.7930787017825583,0.9170976731641246,1.0013166569353769,11.858461636898381,11.415121259815551,0.8612378534260697,0.8748623876093627,0.8715188989650098,113.87419568266805,111.22439066169915,0.806700830477934,0.8365976608918521,0.9853718942627655,24.62103118802954,23.013523404035745,0.7447881615721318,0.7181988068321881,0.658928829925066,1.7692807797949561,1.6946433338432272,3.890559493171568,3.879888438933476,6.166907030420333,6.069342605657422
jena,Autoformer,1,0.7936333871722163,0.8886603109100889,1.0365616639929842,12.320314904683418,10.79440938904253,0.8595952503359607,0.8584887941307917,0.8965489808678859,112.15849969470398,107.68711820802409,0.8101317650334563,0.8488219049209706,0.9778747094998324,22.725275283736586,21.307149178106624,0.7835019063098705,0.8049984773935854,0.5847561858951267,1.797510902663278,1.7630320606034704,3.8377221302463176,3.7947906519518186,6.103310593149165,5.948775269662166
jena,Autoformer,2,0.7975916722299776,0.8788685938838551,1.0466471048947974,12.125635268505949,10.628805704536349,0.8825988591933366,0.8732292648825559,0.8712468069737934,117.86163623695757,116.10838535872647,0.7757764192125629,0.8170263099582162,0.9953841698265167,25.387559767205826,23.276383822239733,0.7812921113012672,0.7764184920770507,0.5857244366891895,1.8208003517251492,1.781242916076517,3.967543717515688,3.9058209971365803,6.268884103737971,6.160251979456259
jena,Autoformer,3,0.8371847299520347,0.9244975367831475,0.9941375613539957,11.374294830285582,10.801891215142618,0.9022969719666748,0.8937267996631298,0.8357055212772845,118.95736428686972,117.10773089098096,0.7360994788336798,0.7932432732007464,1.043211740116275,24.782624905757945,21.80159491005748,0.7648870430063902,0.7596671548515709,0.6054436753314455,1.8114116721400975,1.764131530262309,3.906058555458811,3.873652557759323,6.2634993353367046,6.153766093751928
jena,Autoformer,4,0.7979489418399938,0.8910122717935648,1.0357328643961754,12.998432956489342,11.037156568909277,0.8575847447704432,0.8849653146474464,0.848883550752741,117.62108580907028,115.35566010502055,0.7940839277493511,0.8502554698847364,0.9851608145828916,22.00028409647365,20.72287084048313,0.7142548538393523,0.7514010319748721,0.6061045721030967,1.835455622157513,1.7843025140607611,3.9172491703180494,3.8661577436423165,6.214001498313924,6.101229180019255
jena,Crossformer,0,0.8367061513735293,0.9743088614729188,0.9622476220451187,8.725925388183024,9.222047499413092,1.004753465589207,0.9914045947523309,0.8326706785461551,86.63467430208618,86.61943461916684,1.0640307232149577,1.0844277896367116,0.8577839663543196,9.639360563102736,9.283058867686984,1.0842105919158955,1.0507282937367979,0.5565206096711056,1.4681302209527245,1.4688044154968993,3.084325937074059,3.077755699708539,5.159168791441232,5.162202664603644
jena,Crossformer,1,0.7176685583805724,0.8619105730715791,1.074782158987305,10.851148225175933,11.270855330890472,0.939132764595838,0.942221103654817,0.875504269088325,85.95230109987925,85.02532360385372,1.0360793902653156,1.0472169211616387,0.8875953301877245,9.667446435660905,9.533525687682332,1.0541804136472692,1.0073848360452426,0.5845444178274033,1.475530617883188,1.479005282960085,3.103415285406557,3.127278265662885,5.194863481810646,5.179495870868772
jena,Crossformer,2,0.8427685226094787,0.9721696038853129,0.9639221196814016,10.224173615710868,10.019201869377492,0.9296183254159277,0.9344891834612681,0.8866595769177906,85.10017345929255,83.80851415783475,1.0686646426451527,1.0784376910709537,0.8623423747906852,10.18025678345055,9.824694076496963,1.1752960996445532,1.1470606930119815,0.519814048708262,1.457452954943218,1.4494215244696815,3.1290026928703765,3.1159646934857332,5.171123108508372,5.1259592182385445
jena,Crossformer,3,0.7889653451774499,0.9294743747992968,1.0044039967278326,9.778481690651937,9.83196740062169,1.0043716983655038,1.0064820697865615,0.818901736465005,85.0110876352589,84.99320124547302,1.0489385364478159,1.065787266562497,0.8736992140011428,9.295887033786261,9.081289796179627,1.0799534763665994,1.0561423274785982,0.5571598745864824,1.4309324693357734,1.4297305644970781,3.0994888198792867,3.0810626039787636,5.136058528410498,5.131670999946591
jena,Crossformer,4,0.8635040446312433,0.9890560137432899,0.9475044068213192,10.493031342122364,10.280628966840336,0.9861913096878997,0.9840015295817931,0.8359846106100236,85.46977144695411,85.42856433062488,0.9786694956715325,0.9834938298770413,0.9450681899252967,9.484138355380608,9.47957044425158,1.0811408248805747,1.047834850639795,0.5639864172184987,1.4569476593053419,1.4579911727974022,3.1200327284636638,3.1138698681855885,5.169716839531988,5.163495785669681
jena,DLinear,0,1.0347654076367747,1.056931059108564,0.8893299336655568,7.827061865094811,7.726705100642902,0.9321986162873234,0.9271286910086106,0.8368306966519591,106.4755758391721,105.75327457316794,1.0112734854516305,1.0320901396797628,0.8455479508826642,16.311337550837326,16.283272547993715,0.6954301509643682,0.6978363542328003,0.7668619614780257,1.6786163400911456,1.5646176945208623,3.4168265553663417,3.4270443605087686,5.750925829707669,5.7299186276143015
jena,DLinear,1,1.0192797671120475,1.0404977896707226,0.9036085351069031,7.722001330632654,7.681356373098371,0.9221182375046065,0.9185120848900366,0.844185714191102,106.87986611026209,105.91749455469616,0.9910515192359076,1.0115011006027854,0.8621052412188486,16.349224037464,16.362777673652488,0.688485090167923,0.690572536322426,0.773900018282554,1.6876435035740471,1.5656011948461486,3.4190296375309743,3.4311245397687733,5.75844455955627,5.73426607763132
jena,DLinear,2,1.0151281692315495,1.0359153691824676,0.9071474146238204,7.76849926267606,7.741581385490766,0.9212666616061741,0.916795839934546,0.8460719769242513,106.82500775398499,105.81140104646119,0.9924716644678536,1.0127723865381144,0.8580469076411334,16.711114258341848,16.722693752890844,0.694888247394252,0.6976548302539572,0.7667996468035126,1.6785867364410478,1.5643542558446175,3.430072210691404,3.4427279583925294,5.7659172733278945,5.741080700545139
jena,DLinear,3,1.0188391602586873,1.0399050822490992,0.9037153309132189,7.773958574579534,7.7357091229930335,0.9229941337468108,0.9189710113554973,0.842923676433708,107.1864838729403,106.24230174044907,0.9900957523756279,1.0116636343610532,0.8599652959834819,16.590813667710993,16.606316243731687,0.6965740155798309,0.6992592423617254,0.7642999733195617,1.6778706743684404,1.5656210414822969,3.4349997817285733,3.448016400007089,5.77124611305044,5.7478245482237895
jena,DLinear,4,1.0330560660323354,1.0554240807242823,0.8905617787272528,7.818799901668621,7.720893128048614,0.927672543678449,0.9233285722455795,0.8409846970478986,106.28650114752753,105.45312105009721,1.0124776033250815,1.0335289297651915,0.8448276097322844,16.25748330726935,16.225206606120228,0.6936793359610615,0.6962667879170279,0.7689349966033661,1.6795621740567834,1.563595728400633,3.4142145781300495,3.424375387708,5.7454840207445175,5.721949329395242
jena,Informer,0,0.75742009398389,0.8736698775221247,1.0660064593939673,11.743462586744105,10.038601098156892,0.843334056410174,0.8229869811563906,0.9810912539918961,100.00408090693226,92.08553405578076,0.9327203575513837,0.9518083095965701,0.948494145301009,12.884021872545006,12.789228806532547,1.073105368546123,1.0358703696591094,0.5549131870692471,1.4710251190263788,1.4719273620399405,3.3991502346279354,3.316089907037202,5.614770486966668,5.394100743462948
jena,Informer,1,0.6693813405203038,0.7886052747166667,1.1827663292567887,13.907731039677714,9.854462871117219,0.8595030193576093,0.8481958107243365,0.9638442840288307,93.32573867795332,88.0812598377956,0.8810329752418995,0.9011564194776946,1.0012005719241728,13.982179280844125,13.295544709728032,0.9796401914916979,0.99633307004171,0.5713535934057395,1.5053214345125079,1.5053320859223525,3.420436865323004,3.2591689685748353,5.538974869797382,5.308874633680927
jena,Informer,2,0.720687774175798,0.84564351156425,1.104983052287531,12.762753291041875,9.950767362061198,0.8634010138744852,0.8485867092304935,0.9387102047018585,101.91551891278175,96.83605433448986,0.9401784098289446,0.9696256956914076,0.9359630271948808,12.10661858366666,12.097267967264568,0.8995729457051427,0.8461942749793037,0.6741858997307096,1.496987721777724,1.4772158680192762,3.4626583504568256,3.3467631882555424,5.663079518011114,5.485465010640275
jena,Informer,3,0.7097928585654035,0.8187581152127535,1.1388705371122971,15.97240097648283,10.724661190596374,0.8172349723745113,0.7944394406968185,1.0176073590720385,103.71057237053405,91.71162114968827,0.9117826043433543,0.9512685564353821,0.9486385751985706,12.811975824262229,12.756042717953255,1.045534054978837,0.9902781646471074,0.5746861968639483,1.4855393419686773,1.4881544475844728,3.5665861333147135,3.3294838198987238,5.78749705212123,5.400936944313975
jena,Informer,4,0.7314610926345647,0.8669979410677452,1.0680682532814034,12.283288982896929,10.867534997233783,0.8816164903968772,0.8566999109787583,0.9471112793611605,96.59520411457758,92.75689585206334,0.9058596082638721,0.9246143325265032,0.9769922364823328,12.920414457336117,12.583232127063235,0.9927021533376175,0.9494020352194787,0.6058072160232199,1.4786262845811657,1.4780501192433084,3.410386741228173,3.3299056377024794,5.551520824048842,5.424152309246204
jena,LSTM,0,0.7864273053934866,0.9366656805518145,0.9921565325938624,11.881709725133609,11.356921512139612,0.9370661404875497,0.9305915973526507,0.8597642404429174,96.01585386776036,95.11462318341572,0.9892254209817041,1.0168354180735844,0.8981065556450435,11.467027631418171,11.498648491716153,1.1094898007862348,1.0406152437063951,0.5510564026196538,1.4765980442124507,1.4805085491084202,3.364834139363884,3.3579313759955722,5.49638948011612,5.464675235921617
jena,LSTM,1,0.7851281652326432,0.9147301080857625,1.021726878653898,11.324640128672682,10.299546283760893,0.909774183480875,0.8919000495268544,0.9082717360084643,93.43794721222046,90.89232848276846,0.9639026468037103,0.9842375785178159,0.9295554301870803,11.22499322686961,11.24510460566818,1.0747177543430062,1.0149076433405497,0.56532097420645,1.4725077195503575,1.475727142573165,3.301168218046888,3.2718921973178596,5.418950273976341,5.336494788594163
jena,LSTM,2,0.7737374455781335,0.9242087752907111,1.007223673659334,12.130559324218273,11.303896749007086,0.9625263614231652,0.9481322981173825,0.8576624029313072,90.08969426456353,89.5679504019401,0.9904832790965407,1.0082730448579125,0.9102531965032717,11.075464109427626,11.094363469136542,1.110275801417962,1.0594604523615452,0.5443963713706322,1.4661891281720585,1.4669170532041926,3.312461403531754,3.2828151833071657,5.35634919572981,5.325249470055086
jena,LSTM,3,0.8005659996801869,0.9403641581675748,0.9969666220379029,11.419279518768528,10.591161139071191,0.9597135955531153,0.9545907591473314,0.8446732459549644,92.82985062147594,92.4359005293934,0.993528802768329,1.010193763602536,0.9025176208780055,11.666823960959494,11.678829919186565,1.1294146363951878,1.0886286940103949,0.5233437759681252,1.4806627844396827,1.4779207870225275,3.352979691470079,3.3275384037182536,5.41748596873226,5.389429755889617
jena,LSTM,4,0.7795651216099442,0.9314850608764531,1.0042002422991458,10.353081223130218,10.175610626243799,0.9577839294060795,0.9316560966341747,0.8685413292100786,92.1617558360464,91.40985914607717,0.9916186729763116,1.0245572921182045,0.8941695720575169,10.993162777170017,11.019079990991132,1.1050523776193024,1.050158153459895,0.5447127016501992,1.4739173082669639,1.4755725059198268,3.2517639945225594,3.2474633679784715,5.36148107206893,5.340414831013407
jena,PatchTST,0,0.8810254872373666,0.9263320449663776,1.0133289587705403,9.475049135972759,8.48705976150922,0.9282717291718142,0.9367267444533615,0.8293722762676144,105.82251304483255,104.90701870187267,0.9629798521551386,0.9674605308147738,0.9430247696692637,11.494946711497915,11.430925858884043,0.7975444657856811,0.8381848960313325,0.6112801962198461,1.6368276592500883,1.614936259087223,3.3487785762284448,3.346159351819888,5.666333394523155,5.622275797694228
jena,PatchTST,1,0.9133604956779299,0.952461945740618,0.9825795455017882,9.145346219879283,8.635389331964792,0.9758533695132108,0.9939118037477757,0.78335773659802,104.08589086769612,104.11023324013591,0.9555957653732193,0.9764814056341566,0.9340343743734411,11.536258677272338,11.542386919610626,0.8307027730749724,0.8741977264705906,0.5809033756841362,1.6363322928920645,1.624758998577717,3.3617664187419294,3.3679070986928945,5.62147285099154,5.610542943652802
jena,PatchTST,2,0.8920741552303422,0.9341409158703844,1.0046716204036406,9.301224975811966,8.462431697728267,0.9821723874520267,0.9923368047441585,0.7841962373027026,104.24736885655336,104.2742926714142,0.91896557205435,0.9320956465057033,0.9813759181626791,11.47910417908784,11.214759989396024,0.7526895465552501,0.822688477446653,0.6164231790861651,1.6524932870949123,1.6282975943716733,3.336384587013788,3.3267216649564992,5.627614754461877,5.6031192641445315
jena,PatchTST,3,0.8855916661930897,0.9214608826601167,1.01894301268466,9.722373275631057,8.568683216437197,0.9706601592707783,0.9849682893052111,0.786597878303333,105.73271172377886,105.77973909338571,0.9567218840694844,0.9792383273829622,0.9317937874530082,11.52544631493522,11.51512136553247,0.8179721446346816,0.8657511750106277,0.6030626943850301,1.6269437777203124,1.6115029367770897,3.373143862167306,3.3557168807279463,5.670261790518702,5.645242390990231
jena,PatchTST,4,0.9055232879986891,0.9465480371836247,0.9913037717616339,8.962573729734496,8.366597974767105,0.9603266975883658,0.9724118279073186,0.8039884710151738,102.942049591155,102.91595972087244,0.9612468658977273,0.984610273636429,0.9266454533344942,11.437958562235258,11.457361651356461,0.8124875441687769,0.8578658186583228,0.5963166221744001,1.6319858841037365,1.6163585622934296,3.3183438314543783,3.3260049394923845,5.589601232807859,5.575757300790842
jena,TFT,0,0.8122065776795669,0.9083733242818615,1.03573458883523,11.023164280480815,9.320139179947963,0.9016594288036592,0.90154574754206,0.8935593862926131,95.7057361683756,93.15445280953281,0.8955422429554495,0.9398086163820597,0.9717941685009686,11.544359258716938,11.443156703943066,0.9236710611239777,0.8735607011539714,0.6293277849729391,1.5410533259538823,1.5288927299120172,3.3241347343748227,3.290188678464718,5.4729862285942055,5.372304938835283
jena,TFT,1,0.8280550121663691,0.9316397318154161,0.9950398897176371,10.836269352770788,10.295973683492134,0.9281126428176609,0.9639714895302179,0.824900240188995,98.48526441602114,98.9445546464237,0.9135681503478631,0.939794374537063,0.9667732257069488,13.715482697282308,13.403841937804454,0.8655187309237213,0.8289028702233587,0.6506988077788881,1.5929292454428738,1.5641771225999055,3.421859891497242,3.4220275047378843,5.581889145072596,5.572444423014018
jena,TFT,2,0.8284594929496716,0.9002686297458274,1.0472840695364005,10.970386500247242,8.953905858973807,0.9035693909192045,0.9290854806847553,0.862230283812564,97.523188466197,95.89646989855562,0.9248795153552103,0.9431066327602816,0.951918173330668,13.986861567367512,13.890559101942223,0.9103038465160008,0.8697072301130363,0.635252174682735,1.5417737293075242,1.527335535136985,3.43207580205734,3.399353101631333,5.568262975630715,5.483344563188796
jena,TFT,3,0.8136857983600745,0.9047225683230113,1.0393768749621317,8.635715655862098,8.178410273921926,0.9652283668529833,0.9670257206917637,0.8279766109458563,100.34457876090389,100.63988178061537,0.9040555171916613,0.9237836337198007,0.9902157579922002,11.544293027375689,11.205998333499567,0.9499737828733624,0.9185827468781962,0.5881382856620808,1.5769985810480565,1.5720275564482893,3.301513818907744,3.297232978239479,5.524979321798179,5.513536023834548
jena,TFT,4,0.8123514253585525,0.9087643476745236,1.0293590752715314,9.497647454322088,8.898295169229876,0.8957165998280137,0.9065300861590767,0.8791520305100774,99.12536138646246,98.09206497494189,0.9296236720604641,0.9518149349705155,0.9237093673430371,15.673773256015464,15.576633674905308,0.8728689099266767,0.8495749010105889,0.6427611681034241,1.5552657200171671,1.534386568435576,3.442143292781141,3.4445165365693726,5.609189955261301,5.57003995469316
jena,TimesNet,0,0.8305322860658,0.9115624604816545,1.033117197173361,9.148041566384292,8.153111341622663,0.9262846030633967,0.9442605692440961,0.8485647713528064,95.23859904891243,94.85885502724996,0.911252986412865,0.9374796281895681,0.9682012428042098,12.259316137237562,12.055328502938432,0.9308111341390636,0.8808626904472533,0.6205075967375634,1.5510948370493867,1.540595960721871,3.290167487250507,3.2728620067722787,5.435923371185057,5.39925668107502
jena,TimesNet,1,0.8395072610682748,0.9279570140179725,1.014911101710202,9.30928684727038,8.436591211126268,0.9156673402580823,0.9234635021628981,0.8652706008336886,96.6867114180121,95.6647874175431,0.9366998389988908,0.9536536224050491,0.9486181769958848,12.628232380624548,12.536081523780256,0.8817040195449448,0.8546641846239585,0.6379082328823255,1.5628576666426834,1.543325049356431,3.3213713153483044,3.312375769865287,5.481493599206099,5.435549309908937
jena,TimesNet,2,0.8180865540898251,0.9005847835895908,1.0461168224749002,9.319745797970409,8.106887340697241,0.9017703641128829,0.9065906650819066,0.8845281781766662,96.13640891602357,94.328848512479,0.9283375767041658,0.9603227251498802,0.9423385441349071,12.610525750285996,12.615894830396185,0.9086199990991827,0.8706344980072932,0.6259005410617536,1.5779954160786256,1.5634257965693346,3.2958686256391827,3.2797698751409614,5.469110436815996,5.399422572834564
jena,TimesNet,3,0.8098515059041091,0.8921944276596337,1.053243502067321,9.946433036987896,8.4709945100866,0.905876023144156,0.9214055102221029,0.8730938445684392,94.46188715733766,93.31865646407832,0.8893844301941322,0.9176723349931157,0.983591204801117,13.099647762992126,12.69194269083785,0.8515972878026801,0.8351064215426874,0.6534145075212457,1.5665537819500812,1.5390085460598142,3.3167350613132682,3.288122145685299,5.456063639183192,5.385643002721741
jena,TimesNet,4,0.824968397352865,0.9112906242605008,1.0317503633483416,10.023920075586647,8.744282581834241,0.9135562839184641,0.937822934257818,0.8533034847084788,95.8665370221782,95.45454024788084,0.9660584686222372,0.9769024461272883,0.9252166489356078,12.51876612349624,12.492167260333913,0.9409003902179671,0.9001055961123715,0.6058246656953108,1.603842685045423,1.5947953620203743,3.3275357113856585,3.3111571865864335,5.477523754086023,5.4379634389187785
jena,Transformer,0,0.7222159939270767,0.8492730602165621,1.0942983998159215,12.626214219852615,10.400026317242789,0.8351723119786243,0.806571121994624,1.0009045591253551,102.13629714085508,92.2284192517312,0.9517605399373751,0.9919195482231169,0.9060153168104151,13.615071235620736,13.721993956340551,1.0404407419889927,0.9896334381556845,0.5685709196609245,1.4951682271921354,1.497249387841377,3.479897875219582,3.3700099063590256,5.698086319623469,5.427883770705576
jena,Transformer,1,0.7236734890703431,0.8466611331303636,1.1020168989425094,11.35549869441528,9.694520568594838,0.8467046631103007,0.822041372946443,0.9905252033603203,97.264351335892,89.59776051141725,0.9237979744313328,0.939031537642273,0.9646161965725591,13.019328022234568,12.848116489202226,0.9805181923894563,0.9288072250942639,0.6128976879837921,1.483735698548456,1.4817033613382042,3.3607751724831445,3.2782843312177508,5.548038251289602,5.329683408293417
jena,Transformer,2,0.7457211186952225,0.884221492089273,1.0512234093635775,11.782031436627173,10.615837785209644,0.883558975369984,0.8642726893909978,0.9265969271527493,100.21799225895768,96.87586748419027,0.951488417096953,0.9836780227647101,0.9037921901181392,14.443247308582315,14.493145425008604,1.1913334889590526,1.113740174696269,0.49782924079833457,1.5503006791698273,1.551451429605467,3.494722304983559,3.454466277843406,5.656712200636892,5.557344287607481
jena,Transformer,3,0.7188004221011953,0.8548706412165336,1.0931830953782933,13.193647601276243,10.40944073631287,0.8413400025768845,0.8196317451159711,0.9810075339969685,101.99540404175754,93.53103332813096,0.9037559586055891,0.9373425545266048,0.9586972050507008,13.61619546413375,13.463557746173603,0.9710853381778868,0.9300820346720019,0.6041913005596067,1.5099384952858648,1.507114684662612,3.5167053654765406,3.384452423253451,5.70778384319285,5.452319380210591
jena,Transformer,4,0.7035684380288032,0.8412842452897049,1.106342121914194,12.689445612446333,10.398646188171334,0.8876588793412884,0.8765723474271596,0.9222251352348231,95.16585566446348,92.16640261052648,0.9883366473821771,1.0253709937226674,0.8803038586746886,12.715691710796413,12.752090609483442,0.9100626895477869,0.9055080997810842,0.5964164956025129,1.5745791265390061,1.5667774796731304,3.3951719785305365,3.3331094965049473,5.525974396299834,5.405643275500482
jena,XAI-MeteoFormer,0,0.8777573084702521,0.9169607602645921,1.041391179904241,6.531882770787971,5.896202514150716,0.8652233038484186,0.8510993917842257,0.9637398244944385,91.88931487443855,86.65545771100207,0.9484491365728595,0.9686159454670769,0.9582925373686761,9.534868819759843,9.506354833240442,0.9655195428554777,0.929060784156268,0.6212854104943789,1.4652944038247342,1.4620558781813673,2.985109638412527,2.956411390579362,5.230233285160689,5.087240679793284
jena,XAI-MeteoFormer,1,0.9321719704945094,0.9751208606372365,0.9773736184092692,6.347619428009321,6.713073970711324,0.8708276038416463,0.8702160494092913,0.9397489168951467,92.49647434525365,89.2553884548827,0.9466795539205116,0.9705906868283916,0.9561370406387651,9.533595137567923,9.52415888296205,0.9187728547420645,0.9144966322260644,0.6347354234934043,1.4590905361498134,1.4517034462848182,3.0020268313683944,3.01302930291097,5.24015217925445,5.170694459036448
jena,XAI-MeteoFormer,2,0.9085271119010389,0.987910443634217,0.9637675441980099,6.375837372148125,7.13008899010911,0.8348744262627757,0.8348669686771367,0.977460451743602,95.18161865188354,88.6436916303537,0.9629249465572064,0.9875552831399637,0.9367150247507681,10.116044079415888,10.1631309907222,0.9637750245250997,0.9203791239458813,0.6204386396075839,1.5149630026272523,1.5102311682097018,3.0343937784572597,3.0465353576680365,5.319503339271318,5.182835680865127
jena,XAI-MeteoFormer,3,0.8909787901662166,0.9388519177696552,1.0147216571257411,6.530037152074804,6.921455386285938,0.9186191950662181,0.9163429765858497,0.891420960803281,91.30937663029448,90.37414485452477,0.9231881597097951,0.9377560526503761,0.986967076114736,10.084383114213777,9.82324424145839,1.0085938106221781,0.9749769333845584,0.5927523596587734,1.4652617335403777,1.4657140033717588,3.040309735741293,3.0470261321047607,5.229461220578163,5.210195737341374
jena,XAI-MeteoFormer,4,0.9261666516951815,0.9686766228324626,0.9835451530845735,6.662256922232743,7.130281627308423,0.8486631666680506,0.8304093086655157,0.9851289151890936,94.87650097683823,87.982152862843,0.9258103540595471,0.9439361287644662,0.9812685844496676,9.97389278316061,9.771603554764159,1.00745419083909,0.9571705382429121,0.603555499673144,1.4747704250123947,1.4754422814361872,3.062433834249711,3.0305024320242766,5.314777067461155,5.156536636308127
jena,iTransformer,0,0.8834202766230275,0.9056102682666891,1.0398559842624875,8.937495141944433,7.7335402269889215,0.8687494292823439,0.8759765922746001,0.9056650390052191,101.80188254797442,98.04996820361701,0.8506129597872604,0.8958461069349568,1.0190687523202602,12.124302952422742,11.51159447212079,0.67127827642575,0.6741409951298246,0.7833615188241622,1.7189308269083852,1.575137514939429,3.28472245846906,3.256170486274421,5.580829048386315,5.4513814858636085
jena,iTransformer,1,0.9056467062987643,0.9201259776186412,1.0215577730286722,8.907836527365234,7.9875276753222755,0.9043150147417417,0.9171062492695489,0.8649919901992684,99.35315560915983,97.97068615169303,0.9050737370576692,0.9378522775177738,0.9631843464105972,12.791230966277729,12.614188457288554,0.678463918140993,0.6822618128742333,0.7710280238518616,1.710375900892281,1.5787229669539196,3.294367609639641,3.293066093899806,5.539914236784156,5.480673436067363
jena,iTransformer,2,0.8639884301459143,0.8890617986940939,1.060702299581726,9.733351807555307,7.889504376787191,0.8736782671611538,0.8753108876322238,0.9084621368784397,100.68906176832644,97.14084900743711,0.8665797569874684,0.8959038371874276,1.0209582770551135,11.959261537398783,11.220227230225266,0.6594876242440458,0.6542809293363947,0.8028787400541336,1.755660783774603,1.5845827555444159,3.291360705566602,3.2307942660330067,5.57084679149084,5.4275953093887255
jena,iTransformer,3,0.874342497524437,0.8988402681706888,1.0465596401955854,9.692213470914647,8.14130826162774,0.8929662945544483,0.9030687623999833,0.8812358654568897,99.68820276374245,97.27061474079827,0.8563673261700082,0.8954457673435414,1.0222057218648002,11.835831043942127,11.174559770617753,0.6750605928221479,0.6783675727998522,0.7694863933051193,1.72773520472009,1.5913989592141278,3.288861072086764,3.2527790082585377,5.54400537705636,5.435482539118719
jena,iTransformer,4,0.8726508725920099,0.8921867804401451,1.0541810638693212,9.916265288081583,8.189882449138874,0.899878064101485,0.9015901535920609,0.8785295960947227,100.66234230160781,99.04941324413973,0.9038922642863391,0.9355849410339119,0.9743504344117073,11.816091031465481,11.596251931882783,0.6705767533675475,0.6734070300221113,0.7828436653022678,1.7187834941027653,1.5761067454416486,3.3150883197453003,3.285449099950447,5.570311528883677,5.4866122145319105
beijing_aotizhongxin,Autoformer,0,0.8080689950750032,0.8968223366437397,1.0771683886227275,14.667115287520913,11.51910432323152,0.7840048683762058,0.8437673209738291,0.8357752284543778,293.71023817286334,300.5235321958491,0.8661549102485837,0.9242344623780164,0.960143157956322,25.648548618917495,25.76802868118418,0.7518206961160695,0.7265527770337066,0.5414137205746815,1.0177619509234213,0.9702098523246518,5.188076464986537,5.323951377801685,9.152098994632668,9.203000530432853
beijing_aotizhongxin,Autoformer,1,0.7817665485109578,0.8935915497119247,1.0740076474648914,16.546629135999932,14.220131228415896,0.6877959002321804,0.8044677500727636,0.838312666964093,324.15875884347025,339.44901578145175,0.8772782616640087,0.9302750379622374,0.9376345429669355,28.685781004227287,28.621227583020342,0.6525406919718086,0.6267773109076317,0.5723282408635159,1.0701888554812293,0.9893381481048049,5.480737744803849,5.776445114536117,9.623686375801876,9.788765406589748
beijing_aotizhongxin,Autoformer,2,0.774051217523363,0.8785519073568464,1.0979910654460339,16.342221616064304,12.575471156809453,0.7323929947760061,0.8085335324910893,0.853834638028762,311.2386989421187,327.9414940397905,0.8950659187009024,0.9367376657803439,0.9444770088256857,26.002787704958703,25.961453114225076,0.7080100802456104,0.714337006258199,0.5336432295657889,1.0270467143967827,0.9763115980793691,5.341942362553839,5.567416417167089,9.415555679001882,9.58455437029944
beijing_aotizhongxin,Autoformer,3,0.794814907888241,0.8906685296453608,1.0809721729308819,16.018378075770777,12.718797588425053,0.7752327762486034,0.8426061444645226,0.8183099074785901,305.83193692061184,316.0280458342595,0.8775479789335051,0.934377446516768,0.9476180603160651,25.939719092467218,26.396326321730605,0.7036715958542861,0.6501347271326654,0.6021004257461263,1.0164578095845185,0.9618433095870594,5.3041639605844235,5.4768843481020415,9.338180924281161,9.435372449643976
beijing_aotizhongxin,Autoformer,4,0.7679633271355282,0.8845371658446434,1.0872029415870497,17.009634048805513,13.89339956568649,0.7011973891743929,0.8038527060475807,0.8464078085409935,320.4443597198822,349.09711246309746,0.8692000579752434,0.9331134820207293,0.9453944462703913,26.62267451653836,26.712961150949507,0.7003368331613957,0.6593095106414264,0.5732524710717057,1.0501356616290358,0.9813154769907046,5.420918674053988,5.765195843166849,9.554145748663968,9.88287393242376
beijing_aotizhongxin,Crossformer,0,0.7267009871549879,0.8615125900983106,1.1152955388281953,15.856671880421862,17.644803646478547,0.9423043027529302,0.9020621046931669,0.8592718747823016,236.92770060486694,228.7801931616684,1.0806843355266675,1.0195042461571653,0.9388179049139314,9.976174157722507,10.276805471017997,1.0361686905167034,0.9552315980793972,0.5219909820132798,0.8612092302014001,0.8651112271403761,4.353070173741384,4.414497675885225,8.118216489371491,8.024445674099633
beijing_aotizhongxin,Crossformer,1,0.741053878008049,0.8313232333539347,1.1591407642939766,17.34068863875049,14.148654660071506,0.8503126527048686,0.8910625695895842,0.8686450335757632,239.88103817369458,227.25041144391784,1.0336865578816457,0.9916956957386361,0.9666680156522868,10.410962963892057,10.912900052687851,0.8581734607121335,0.8590995319239353,0.5569249551699552,0.9143659727473546,0.8904523113292172,4.3298295544966825,4.339938873372269,8.193702700078342,7.956167709205333
beijing_aotizhongxin,Crossformer,2,0.7606066247346016,0.9048212030792607,1.0674236826258536,14.009993344000272,14.046191620130385,0.967535734884335,0.959547514603428,0.8141072719299426,221.4798070321665,220.32202839918915,1.0253440641946612,0.9948779577945037,0.9644773742660537,9.370671379648632,9.442809857430102,0.957441329105755,0.9296349510452679,0.5259304947078689,0.8790866522968717,0.8743056831716853,4.210739569831482,4.25054574867293,7.838041183996678,7.821210513084297
beijing_aotizhongxin,Crossformer,3,0.7701815582925541,0.8999202191537735,1.0714615979288247,13.523056957735315,14.295186623384552,0.9348668281825979,0.9121989798065591,0.865321506964988,219.60459228902042,213.5292718500195,1.0952106368686383,1.0281331539974319,0.9324669793384834,9.729506306316239,10.547781842492416,0.9118129692080612,0.8658128734851985,0.5782179019000256,0.8764875262736272,0.861444905047576,4.12174958521709,4.210082024174373,7.805985573253154,7.733590453679069
beijing_aotizhongxin,Crossformer,4,0.7681216323680781,0.8916707101650685,1.0806688487864338,12.977534816926905,16.214049688720095,1.0000731240182572,0.916582299674145,0.8363092950415607,235.79474439220633,235.7995353106484,1.0834331984385437,1.0280812248494229,0.9329967413152955,9.871252722671228,10.67458885171058,0.9041375236267507,0.8833800970981787,0.5471767411939353,0.893690259515875,0.8805389648640553,4.219571572332845,4.382259896823789,8.05507948736883,8.117399719367393
beijing_aotizhongxin,DLinear,0,1.0543723147495763,1.0526954775036628,0.9293183713536279,7.119392249687136,7.352832094998968,0.8545402839640602,0.9270299838502264,0.8010209177516149,256.70314704078976,257.4828376007077,1.0412700983341379,1.0357340711360457,0.902522317594397,15.025356900068314,14.863575544351484,0.6943654264377617,0.6338864463997905,0.6727304776534982,0.9977248611462946,0.964106621054599,4.370865873860832,4.5267452998127835,8.364293470635932,8.376505116412105
beijing_aotizhongxin,DLinear,1,1.0387287006009418,1.0388496081279086,0.9410571079793594,7.164321308142492,7.359170944557432,0.8433746454913131,0.9146149513276717,0.8122037816094418,257.2688440081154,257.9197414923457,1.028372310694166,1.0236195915804085,0.9126306806368746,15.1007709839947,15.004053952420678,0.6878467367289977,0.6297409729082636,0.6799941506941798,0.9992111587434527,0.9645200228914899,4.370772081377051,4.542947918865313,8.374561890913997,8.385217445186132
beijing_aotizhongxin,DLinear,2,1.0163072287723312,1.0136455093067418,0.965093350705945,6.789263702587997,6.911226443326407,0.8281118086606841,0.8988372689603056,0.8254292715540348,259.1957487246019,260.1880868977784,1.0033371359039893,0.9975575355594826,0.9362629496274866,15.124379876163555,15.118408440457133,0.6766482093853122,0.6179661398238778,0.6890316772153737,1.0083072071602914,0.9709598767270328,4.355256830217656,4.55045617138848,8.398179855041713,8.41410544351402
beijing_aotizhongxin,DLinear,3,1.0315553572801566,1.0290519723850928,0.9505075958425309,6.938782635275198,7.144218453431089,0.8409154649384253,0.9130929895109543,0.8130311750128594,257.81986679806994,258.57883212284895,1.0176457779581751,1.0125890858267814,0.9226059682855795,15.074537621813171,15.02353688971473,0.6864959213198463,0.6262706870374354,0.6799415987130175,1.0030504723013887,0.9686425437974518,4.358431625081456,4.537446164696913,8.379084638662205,8.392187289523994
beijing_aotizhongxin,DLinear,4,1.0270243270436423,1.0252263022127337,0.9541378524344399,6.851004801719439,7.015567595185561,0.8354148264239766,0.9055188516297076,0.8195907867125176,258.3807058286816,259.3849342925637,1.0156868151395473,1.0097754092968847,0.9249829545347055,15.097701685255155,15.061026154518233,0.6810677642001934,0.6238823659808922,0.6847677784257526,1.0033444152875153,0.9668461547578613,4.355937956369834,4.543522207179195,8.386488489393873,8.402802719882
beijing_aotizhongxin,Informer,0,0.6961359816717307,0.8112067586029611,1.1802046002759277,21.164182213291202,18.89467675397208,0.8071047066076671,0.7950173104116222,0.9289603451211953,279.1770348749112,265.9645786431484,1.0252059042354593,0.8870472672268241,1.0647985774177524,14.509551888633995,15.286804575173035,0.6731374993947112,0.650772049365887,0.6980835450057441,0.9668225154921872,0.9487486633860185,4.875435616507829,4.956549584541961,8.88562872694342,8.676041848615064
beijing_aotizhongxin,Informer,1,0.6897714718104212,0.8030439902537706,1.1911297491580097,21.25186020810312,22.886938888596518,0.846359079364864,0.7561069234010872,0.9802373495173421,289.4939563488413,263.9172189052785,1.050532063421027,1.0174808547003986,0.9327522313219353,11.812108143808867,12.10300132529351,0.7019506514826995,0.6446067486023453,0.6913398279761044,0.9904610151209265,0.9154028877059491,4.816354662164048,4.857523282295272,8.99372539212581,8.657692562208398
beijing_aotizhongxin,Informer,2,0.7070470269935187,0.8464969935608304,1.1264806936521226,19.199877529105386,20.018416362624368,0.7782023191602714,0.7333638002362166,1.0099986592602708,303.93046705054803,262.7468572609523,1.062023605233358,0.960815477533041,0.9805643658701235,14.760979077174602,16.69761306255246,0.7886158706334349,0.658886750358676,0.685144493379905,0.9658298330143517,0.9149784119467859,4.98566358665209,4.985142635336054,9.204036526028164,8.665706334426464
beijing_aotizhongxin,Informer,3,0.6714574667927306,0.778727530167819,1.228962636037978,24.694146898515434,20.462330092493303,0.8166390066058792,0.8077422490447068,0.9195533803167453,274.98080839332573,256.7044675606224,1.0051971683692367,0.8847449628952546,1.0669238872884517,14.634994386939379,14.791403037262214,0.7821121618839945,0.7127189660284325,0.6394109573871061,0.9480658901136068,0.8998013894469877,4.935202929862031,4.881232687030571,8.877753313323339,8.55654723121168
beijing_aotizhongxin,Informer,4,0.6702769312912498,0.7991971737842886,1.192208479283034,25.70842994324881,19.1094787635325,0.8343462735065055,0.8097228869499784,0.9195064231579414,271.5343131367755,255.74575632063883,0.9790182827506632,0.8815619361648794,1.0658120279661643,16.108232214020063,15.382489079770918,0.7775715075672368,0.7092825297017396,0.6386530740518542,0.946582121861693,0.9026655485014964,5.047341411200868,4.883745274820394,8.864219613365663,8.531418254200817
beijing_aotizhongxin,LSTM,0,0.8180169085019814,0.9007414631993365,1.0812378605891952,10.626471666292824,9.40852320126482,0.813431250603437,0.8769792976852833,0.8725054948705762,241.95973671871494,241.35243143019193,0.9427151502101659,0.9760241959792374,0.9705583631239911,12.163861117536143,12.343150746720333,0.8539149518924184,0.7620708012476802,0.578526527260506,0.9546428489828295,0.9256271547364102,4.32642099807003,4.4761140929540675,8.150225646439594,8.124495869481898
beijing_aotizhongxin,LSTM,1,0.8629850940668718,0.9195656120099267,1.0595033292775984,11.273601207313353,8.412698241363575,0.8243068065323207,0.8874569123029359,0.8666689561619609,236.70109553613162,249.2163435479093,0.9457418429792903,0.9755999792114275,0.9639406199893519,13.700258940956061,13.864527740710171,0.7597338728523516,0.711551105990651,0.5983333095409248,0.9642158762646207,0.9303031055372211,4.386363971321114,4.546998074455589,8.103073052254091,8.252634013385062
beijing_aotizhongxin,LSTM,2,0.8461579891602516,0.9198936840832458,1.0596498189782375,11.565251474977453,8.637750034056548,0.7985651953761694,0.8712123927607369,0.8850823158283088,236.44901302356155,244.35323649333728,0.9339821117759575,0.9863442891208744,0.9595391230525557,12.303722628617445,12.608852708885818,0.7528048205358725,0.7154915729669504,0.6092713438599705,0.9570654214230763,0.9183984010104485,4.306446823817896,4.475845266390242,8.08200242125334,8.162693146831046
beijing_aotizhongxin,LSTM,3,0.843623737956905,0.919779819236464,1.059911292449414,11.277718502562783,8.590636293839218,0.8224672771999966,0.8911936212907721,0.8645335279852849,236.95220477108361,253.82601605301315,0.9226343172337083,0.9605905893168456,0.9857001652483947,12.437168009891648,12.728027416982101,0.7692520240781542,0.7323226485756761,0.5920095899929134,0.9483829685165258,0.9265509905729489,4.32393833594619,4.536667779639392,8.087265827398877,8.307695690659465
beijing_aotizhongxin,LSTM,4,0.8527196000288643,0.9131279965653047,1.0677768797693479,11.372774110810397,8.224251806798446,0.8425059235170062,0.8966639301797154,0.858746799561916,236.63059472872442,249.711302409105,0.9481826594515014,0.9765248727956894,0.9660601105398063,13.126165927749676,13.361323399854927,0.7983727766163297,0.7250867093486535,0.5839729234127916,0.9644879454132446,0.9318560766331456,4.370494362984798,4.522537746206916,8.094659083505274,8.249677776925465
beijing_aotizhongxin,PatchTST,0,0.9550667782187388,0.9725137851263449,1.0052228512024717,7.7333927016608275,7.103839314768222,0.8497971749888272,0.9104764085236786,0.8168697661313631,255.54334477236708,262.3345757981649,1.000251901574499,0.9841447724033285,0.9597596824436231,12.787935441948477,12.78938062580366,0.6852665643653819,0.6677203931340125,0.6017607237776612,1.0084342019668908,0.9514384120664858,4.343411721333501,4.514258246248595,8.322756561349479,8.413965090116598
beijing_aotizhongxin,PatchTST,1,0.9780830842511904,0.980357329994508,0.9970686047070122,7.395045105430213,7.095589179786042,0.8701771368339675,0.9326087682269223,0.7961376871825242,255.1892122363098,260.7009320574491,0.9988275636730969,0.9807435666414763,0.9620797989479228,12.967934669578659,12.962141920471941,0.712690362741751,0.7005666288235487,0.5754843480873449,0.9851688858042685,0.9557842711788617,4.346999118601986,4.505292671379344,8.31470626205645,8.392175633125266
beijing_aotizhongxin,PatchTST,2,0.9467222201420401,0.964117082536194,1.0122611771316767,8.659099523840668,7.723279710390725,0.8786354550127966,0.9550232928331165,0.7701216681572529,260.1082714255444,265.58087421011277,0.9949473466156442,0.9783373564761698,0.9675159662511329,12.301877173733354,12.279893113596863,0.746356775834181,0.7510800523806704,0.5300932748008378,0.981829722726489,0.9542667219336044,4.425919990598669,4.54962149263944,8.397188187807943,8.463721311515906
beijing_aotizhongxin,PatchTST,3,0.935438817397267,0.9587060524634218,1.0179005874671616,9.357171679945344,8.033361577642443,0.8323050446175252,0.9205280292924379,0.8054037189678169,258.3062543390053,260.56469085583547,0.9854066445648904,0.9618540041843772,0.987454013511543,11.898270983167636,11.863352192502635,0.6976532527885929,0.7002993837386634,0.5726445010013372,0.9917018349872591,0.9545933557726448,4.413276196241212,4.5438457290526,8.374864160646212,8.387729102411349
beijing_aotizhongxin,PatchTST,4,0.9739303695630925,0.9788165001276765,0.9983197817342688,7.545071300940553,7.188077789977494,0.8605309505760242,0.9364946216592115,0.7964308939821301,252.235509116596,260.5405173917762,0.9927045176976242,0.9793630637518288,0.9636039702277738,12.942308776402102,12.908294246344093,0.7175893219786483,0.69853614807029,0.5757384862716235,0.9878972928738313,0.9547442430525571,4.322015458830328,4.500154062637766,8.272103518555792,8.390346144098443
beijing_aotizhongxin,TFT,0,0.7314039863097476,0.8757792467206631,1.1039883093545955,13.444541534013055,16.235948695863744,0.8700352573822105,0.8985366727638954,0.847780000217699,242.3208051832191,249.11061162006277,0.9354989679204901,0.9685386324328661,0.9796530581635805,11.95210938762598,11.865315760384531,0.808961819429644,0.7223770938504344,0.6040548982050198,0.9526305228735213,0.9359493000846268,4.453017295318504,4.684357510480823,8.19557939726856,8.33888219991738
beijing_aotizhongxin,TFT,1,0.7765213005121089,0.8792462534180228,1.1000340644089155,15.096660957666446,11.79817425540956,0.8347203911042196,0.8949106619646159,0.8390559094651459,257.7189241382339,278.34920223187027,0.9140811820506336,0.9808331804326651,0.9349245176880285,19.011904587353886,19.21312300753662,0.8171305890772445,0.7172597931264166,0.6082768806062858,0.9506957229284064,0.9235368970832155,4.768423061989291,4.9680614678856845,8.555381134207035,8.80744055318995
beijing_aotizhongxin,TFT,2,0.7756777811537986,0.8912643991220434,1.0885361144611134,13.605908591237927,11.43311357257925,0.8530324949413886,0.9122880063777166,0.8315128810998146,246.81697342167448,241.9046589442532,0.9619454588610511,0.9608879110226481,0.977944373135622,14.338031075934229,14.392867251814824,0.8705167772454601,0.746152344326617,0.5753508787182758,0.9537712853397576,0.9444777692150198,4.5153156206022524,4.590368634648768,8.302329257114932,8.195656128978667
beijing_aotizhongxin,TFT,3,0.7885896757345546,0.878156111871986,1.10455385880538,13.639028389629539,10.679606804207868,0.8841821628907526,0.9219667105215866,0.8083834372353694,253.98017184087624,260.5067977806441,0.9643869435834523,0.9442927010852447,0.959822533873462,21.42782703799542,21.23832451247143,0.8448822367526827,0.7706473535511329,0.5298611326936962,0.9668451992137396,0.9459457648503533,4.826897520923438,4.885475972155652,8.514896835366164,8.564033437320491
beijing_aotizhongxin,TFT,4,0.7401018188737993,0.8465311950275979,1.1438882669129937,16.434609122981627,12.365641323032166,0.9196794741806924,0.9121427358563939,0.8109943790281282,262.1016077302682,267.1945023706831,0.9069721502602679,0.971336164185986,0.9604256775012157,15.44222896849207,15.734512337595252,0.8201514580140693,0.7185673802740935,0.5890918723798968,0.9634130805022776,0.9339804707490982,4.815381743435199,4.828447716639394,8.586935700560534,8.605646932422621
beijing_aotizhongxin,TimesNet,0,0.7559227193218664,0.8714218774182592,1.1133955712601882,13.350142905161162,12.168698292761814,0.839753381495639,0.8791722803817141,0.8722331240339334,239.19738145878884,244.41828869706993,0.9552240662913558,0.9709699931601057,0.971225704212712,13.161548332266976,13.06162731610666,0.8143118661772669,0.7734830981531696,0.5764608878786585,0.9433128736609341,0.9116361692043538,4.399255523494503,4.556235067402768,8.164747172599375,8.224357884892028
beijing_aotizhongxin,TimesNet,1,0.8037638632344033,0.8965373899401657,1.0833128330833892,11.91599287168063,10.333719581016815,0.8422032760110026,0.882979223789931,0.8580872678670505,246.5986382372066,254.2700724381013,0.9650708346543806,0.9795686759687798,0.9586754050134205,13.971336998688027,13.93094994472467,0.8350833151540298,0.7640243475141737,0.5651261350883697,0.9594250930209993,0.9270379271280014,4.451469604323911,4.6020725210041356,8.268092180191816,8.35855519648837
beijing_aotizhongxin,TimesNet,2,0.8291416509472944,0.8855535853225839,1.1013321657787716,12.002652389254301,7.990473056985363,0.8076004447949329,0.863213731302524,0.8766332359451524,249.62831496905594,257.8184060911276,0.9704216655635799,0.9863939017116395,0.9545040490922242,13.595781480485012,13.504681492618213,0.8028646085499649,0.7359071254835862,0.584366457034132,0.9671514925811973,0.9270262137407496,4.441146520188663,4.553073398762172,8.309541207722848,8.370193947192497
beijing_aotizhongxin,TimesNet,3,0.7692435509707971,0.8934580984824722,1.086441404050158,11.553269447525574,12.566750957538579,0.8172742826331227,0.8603993669864393,0.8827424138750802,250.2925568526192,243.95730179070148,0.9509921286129515,0.9683010798304702,0.9769743264379667,12.525578195434843,12.406453387303227,0.7951872983735155,0.7090833297698134,0.6072870778654156,0.9613765440684064,0.9263093433564208,4.380357088195385,4.5519360562606,8.296577321999237,8.21365959056771
beijing_aotizhongxin,TimesNet,4,0.8433215381715585,0.8841792946269251,1.102079958363176,12.469723127020933,7.989308765840705,0.8193138467537182,0.8722644082073414,0.8651314663694724,250.28714637001437,255.59638403073524,0.9602249849034878,0.9760470498442676,0.9635066708348176,13.674483211428074,13.66121829183496,0.8123651987214849,0.7535584200629222,0.5689236246229283,0.9588195859191632,0.9265305858746821,4.457534129319269,4.52712545426073,8.32751722145296,8.339266179860873
beijing_aotizhongxin,Transformer,0,0.7659871292369326,0.8751107631061205,1.1075182657269378,15.978291644147838,11.433931110365284,0.7173076592803941,0.7999666701402128,0.9185453184344781,279.15016139228345,290.9310276221804,0.8885663716097706,0.9374046754870244,0.9973967154079764,15.416166871937444,15.85128836700409,0.7663242021923413,0.6968773696499393,0.5957861045377483,0.9954041418331712,0.9444447529912448,4.847574047273525,5.035433031937802,8.825248212517906,8.93253452067974
beijing_aotizhongxin,Transformer,1,0.7580726213768324,0.8890661721275467,1.0877049331924202,17.543631328063707,12.983968220398348,0.746207053126482,0.7899109857309681,0.9105381901531183,293.4393768449367,297.96939115950386,0.9281832345045057,0.9514197513023444,0.9807583109965854,15.62166063257718,15.737105598185325,0.7364001102562141,0.6573451504262683,0.6110649623462313,0.9998082503703358,0.9615686490380797,5.012986278434331,5.138664856089056,9.049923715920867,9.050580556338991
beijing_aotizhongxin,Transformer,2,0.7727525694456724,0.8886788628971399,1.088627281742206,16.220057536561388,12.152567250565673,0.7194131557913266,0.7759240638995989,0.9471186625725964,285.3530802488208,291.9738033235207,0.8731764482266835,0.9429759742131466,0.9882974716532106,15.901040703367716,16.662383306352066,0.7189084520428788,0.6388792164385914,0.6430701953989875,1.007033564257821,0.9448171169013173,4.907338454203658,5.083849722081838,8.923020957795176,8.96846657736622
beijing_aotizhongxin,Transformer,3,0.7694264488263334,0.8806916151222787,1.0985586902041407,13.346666328700143,12.944270732036399,0.7342257453724284,0.7711676010633423,0.9483539368993864,296.2700704060798,271.05520238469177,0.908052371734027,0.9510423104977671,0.9816741559668696,15.433995649114284,15.361114668562522,0.776798388719561,0.6484605968793847,0.6269223322917242,1.0132619196579924,0.9553064784902201,4.851126038776726,4.908473668159457,9.028621078320214,8.664812379154277
beijing_aotizhongxin,Transformer,4,0.7373100668902619,0.8962110600473465,1.077852792863154,17.788684568686286,14.63863724241884,0.7991565539133444,0.8230677196023793,0.8912052281740078,275.1674658782108,273.66422561231707,0.9217654157615375,0.9816964750382731,0.9546617183776753,14.802228531347494,14.816074699313845,0.8001940039190292,0.661202132481647,0.5943449574390879,1.0160770195122453,0.9702513684282563,4.85416711576585,4.931338907622455,8.785989642575231,8.719076627179021
beijing_aotizhongxin,XAI-MeteoFormer,0,0.9697212621958817,0.9422301580915778,1.038053433915943,7.268839871722286,6.716957337769998,0.8670073636396393,0.804700983007423,0.9507579048419098,254.73184062801963,238.9817340946648,0.9803833884389686,0.9268119291940549,1.0349759901098843,10.086854833331147,9.793898587898983,0.8675752125024769,0.7792150571689125,0.6366613097317774,0.879442807071005,0.857623876045889,4.18862550119103,4.111074187423501,8.260856162350006,8.00547022192294
beijing_aotizhongxin,XAI-MeteoFormer,1,0.9992628802219305,1.0118099580611415,0.9656104434749689,6.913876341101478,6.916655651181307,0.8146757017584386,0.8119911722577801,0.9403527327687162,253.91919668874348,244.22327999044947,1.0672409756844854,1.0316153875382148,0.9302293939053763,9.660481035001986,9.490155697985118,0.8999994841041712,0.7864067817749997,0.6186133166384249,0.8892231071546431,0.8715124550750334,4.188346390140425,4.201840250405719,8.236849779679144,8.085505608721862
beijing_aotizhongxin,XAI-MeteoFormer,2,0.9865669829445031,0.9455002167674478,1.0353679416278296,6.959155670353264,6.849798954033896,0.8477266286067058,0.8260492331392953,0.9238297567686765,251.19602205804915,251.11302411313048,1.0520980417991246,0.9565644147443895,1.003524607164527,9.69524362446616,10.853140216726223,0.9306974810415685,0.8111250871327587,0.6120664937709085,0.8854356799578204,0.8706161872726775,4.15266486276298,4.285730052007784,8.196582474312486,8.211068436433276
beijing_aotizhongxin,XAI-MeteoFormer,3,0.9994615988618789,0.9749682725627056,1.00361595007365,6.577615074645395,6.572129377230279,0.8529714699606751,0.8292539465577232,0.9139063998639788,254.77462061352668,245.2644035723888,1.0007729365098077,0.9434276166302371,1.0177056597931264,9.685332621196373,9.69392982886791,0.877281619481534,0.7642653367460887,0.6264068938103801,0.9016749347195808,0.8793448141456314,4.113216860907725,4.15856760252466,8.245290219939017,8.099534054385977
beijing_aotizhongxin,XAI-MeteoFormer,4,0.9678659682480233,0.9391184017265872,1.0431687278816044,6.7220771891491164,6.335077135372032,0.8406881267324494,0.8250352161674317,0.9336946999724091,247.47433540597032,232.41935563333323,0.9450226551551354,0.9157228639800661,1.049688982671617,9.910446036869697,9.070436289024146,0.8214120315407049,0.731306450503498,0.6613904158027123,0.9205324168831499,0.8743356392558312,4.1098635428819685,4.029938458685103,8.13983094186962,7.885099947004242
beijing_aotizhongxin,iTransformer,0,0.9742541423802827,0.9750975077910636,1.0046742557220776,7.2436875917821375,6.755283120558336,0.7973417519645737,0.8548783872006817,0.8899359036125964,249.16855325193566,245.98488309400966,0.979915993647097,0.9908856973641825,0.9452079691288388,14.467744827534709,14.480039885386434,0.6646639427784934,0.6164606473878324,0.6963398825198119,1.0048808041001365,0.9449920971925355,4.2563987045547895,4.404551327971323,8.244465817676618,8.187875154720347
beijing_aotizhongxin,iTransformer,1,0.9692361354469291,0.9769012914894091,1.002169674435778,7.2045074979151575,6.733400281516636,0.7754736874052087,0.8549660461772369,0.8900454786116395,247.39036151156787,255.9408496767123,0.9767793396721747,0.9868577287452144,0.9483417009952826,14.679399651555281,14.641308936629654,0.6613369980859403,0.6094160289319255,0.7079167221108614,1.0099899405064656,0.9343267528447615,4.236266987931942,4.48657382582125,8.220162081758861,8.340411944977648
beijing_aotizhongxin,iTransformer,2,0.9678251758119896,0.9762134532427296,1.0028813177866263,7.181822347029921,6.698564309318189,0.7778620664257339,0.8382014963788842,0.9039711428636392,252.93955057607693,256.2872446128432,0.9751762226307328,0.9856943776504619,0.9526244946091783,13.983939606728311,13.947181470253579,0.6458615660507419,0.6039544925782074,0.7222438965066853,1.0107187831188316,0.931453671889173,4.2470286156097625,4.456931204694494,8.293311029271633,8.334633226247934
beijing_aotizhongxin,iTransformer,3,0.9835658594083087,0.9837121769142362,0.9955729051847042,6.777535761516051,6.555427754810656,0.7919160122006039,0.8440457600489837,0.8978502117641076,251.86705916174006,254.05067640502597,0.9806134106519768,0.9880488012254781,0.9488707362042806,14.351206165798152,14.302231877934236,0.6605785632420126,0.6036982119259021,0.7163044083842295,1.0136994074136039,0.9339958773376738,4.237199293706552,4.435611981796072,8.276616163875005,8.304250898110988
beijing_aotizhongxin,iTransformer,4,0.970248512093829,0.9751681325864469,1.0041739850131632,7.441159260186901,6.88574763291839,0.7743955026096973,0.845284636383977,0.8999378871944564,252.45835670783222,246.39537533680002,0.976829489018421,0.9821877692804919,0.9545512127711722,14.30046398317703,14.303612375767203,0.6531804317312202,0.6074893232809018,0.70535332871202,1.0127954323694686,0.957359918885858,4.278221196098616,4.417383092721293,8.2947690652538,8.193627024468034
